"Labelled energy consumption (kWh/year)","ExpDate"
94,"2112-02-15"
76,"2111-12-06"
369,"2030-02-25"
504,"2030-02-25"
110,"2030-02-25"
145,"2112-02-14"
206,"2112-02-14"
257,"2112-02-14"
413,"2112-02-14"
504,"2112-02-14"
329,"2112-02-16"
449,"2112-02-16"
100,"2030-02-25"
86,"2112-11-01"
76,"2112-12-04"
94,"2112-12-06"
89,"2112-12-04"
195,"2113-01-14"
195,"2113-01-14"
282,"2113-01-14"
252,"2113-01-25"
100,"2113-03-27"
138,"2113-08-29"
138,"2113-08-29"
208,"2113-08-29"
208,"2113-08-29"
410,"2113-08-29"
410,"2113-08-29"
271,"2114-07-31"
224,"2114-07-03"
225,"2114-07-03"
90,"2114-12-12"
240,"2114-12-10"
444,"2114-12-10"
89,"2115-03-23"
279,"2115-03-27"
214,"2115-05-11"
225,"2115-07-03"
134,"2115-07-02"
134,"2115-07-02"
225,"2115-07-03"
367,"2115-07-27"
91,"2115-07-27"
76,"2115-07-27"
90,"2115-07-27"
105,"2115-07-27"
105,"2115-07-27"
210,"2115-11-06"
403,"2115-11-25"
286,"2115-12-09"
216,"2115-12-14"
221,"2116-03-31"
90,"2116-04-04"
345,"2116-07-19"
233,"2116-05-19"
458,"2116-05-19"
76,"2116-05-19"
134,"2116-05-19"
152,"2116-06-17"
218.4,"2116-07-05"
345,"2116-07-20"
608,"2116-07-08"
681,"2116-07-08"
115,"2116-07-29"
285,"2116-09-09"
461,"2116-10-05"
434,"2117-01-27"
115,"2117-02-10"
134,"2117-02-10"
86,"2117-08-07"
449,"2117-08-31"
420,"2117-08-31"
80,"2117-09-13"
131,"2117-09-13"
115,"2117-09-13"
459,"2117-10-17"
138.5,"2118-01-12"
110,"2118-03-12"
95,"2118-03-12"
95,"2118-03-12"
141,"2118-03-12"
138,"2118-03-12"
413,"2118-03-12"
647,"2118-03-12"
353,"2118-09-17"
496,"2118-09-17"
121,"2119-03-15"
116,"2119-03-15"
188,"2119-06-18"
75,"2119-06-27"
302,"2119-10-08"
399,"2119-10-08"
572,"2119-10-08"
163,"2119-11-29"
212,"2119-11-29"
285,"2120-03-10"
328,"2120-08-06"
439,"2120-08-04"
165,"2120-09-10"
235,"2120-09-18"
318,"2120-09-30"
116,"2120-10-19"
758,"2120-10-30"
350,"2120-10-30"
380,"2120-11-16"
67,"2026-01-21"
322,"2026-02-22"
319,"2026-02-22"
243,"2026-01-27"
337,"2026-01-20"
391,"2026-01-22"
313,"2026-01-22"
468,"2026-01-19"
1060,"2026-03-17"
265,"2026-01-22"
104,"2026-01-22"
430,"2026-01-21"
371,"2026-02-01"
1448,"2026-01-21"
1448,"2026-01-21"
1448,"2026-01-21"
485,"2026-01-29"
485,"2026-01-29"
485,"2026-01-29"
543,"2026-01-23"
543,"2026-01-23"
543,"2026-01-23"
704,"2026-01-23"
704,"2026-01-23"
704,"2026-01-23"
605,"2026-01-23"
605,"2026-01-23"
605,"2026-01-23"
397,"2026-01-23"
397,"2026-01-23"
397,"2026-01-23"
726,"2026-01-23"
726,"2026-01-23"
726,"2026-01-23"
255,"2026-01-20"
255,"2026-01-20"
255,"2026-01-20"
335,"2026-01-28"
335,"2026-01-28"
335,"2026-01-28"
310,"2026-01-27"
310,"2026-01-27"
310,"2026-01-27"
346,"2026-01-22"
346,"2026-01-22"
346,"2026-01-22"
426,"2026-01-22"
426,"2026-01-22"
426,"2026-01-22"
525,"2026-01-22"
525,"2026-01-22"
525,"2026-01-22"
362,"2026-02-02"
514,"2026-01-25"
294,"2026-02-08"
389,"2026-01-28"
190,"2026-01-25"
180,"2026-01-28"
454,"2026-01-25"
553,"2026-01-28"
693,"2026-01-25"
421,"2026-01-27"
487,"2026-01-28"
590,"2026-01-28"
715,"2026-01-28"
719,"2026-02-05"
178,"2026-01-25"
490,"2026-01-25"
468,"2026-01-28"
298,"2026-01-28"
370,"2026-01-25"
758,"2026-01-28"
485,"2026-01-25"
382,"2026-02-05"
1520,"2026-01-29"
765,"2026-01-28"
362,"2026-02-03"
744,"2026-02-03"
744,"2026-02-03"
744,"2026-02-03"
335,"2026-02-10"
335,"2026-02-10"
335,"2026-02-10"
485,"2026-02-10"
130,"2026-02-18"
301,"2026-03-11"
235,"2026-02-18"
468,"2026-03-03"
580,"2026-03-09"
389,"2026-02-15"
459,"2026-02-15"
732,"2026-02-15"
732,"2026-02-15"
945,"2026-02-18"
945,"2026-02-18"
945,"2026-02-18"
405,"2026-03-10"
259,"2026-01-21"
259,"2026-01-21"
259,"2026-01-21"
280,"2026-02-22"
280,"2026-02-22"
320,"2026-03-23"
320,"2026-03-23"
320,"2026-03-23"
320,"2026-03-23"
320,"2026-03-23"
320,"2026-03-23"
470,"2026-02-24"
385,"2026-03-09"
385,"2026-03-09"
385,"2026-03-09"
385,"2026-03-09"
385,"2026-03-09"
385,"2026-03-09"
385,"2026-03-09"
255,"2026-02-23"
335,"2026-02-23"
750,"2026-03-01"
310,"2026-02-24"
426,"2026-02-24"
525,"2026-02-23"
750,"2026-03-01"
370,"2026-03-01"
430,"2026-01-21"
430,"2026-01-21"
430,"2026-01-21"
569,"2026-01-21"
569,"2026-01-21"
569,"2026-01-21"
330,"2026-02-25"
293,"2026-02-26"
365,"2026-02-26"
440,"2026-02-26"
544,"2026-03-02"
859,"2026-03-01"
882,"2026-02-26"
458,"2026-04-12"
254,"2026-04-12"
304,"2026-04-12"
554,"2026-03-05"
651,"2026-03-11"
550,"2026-03-17"
104,"2026-04-12"
380,"2026-04-26"
760,"2026-03-29"
904,"2026-03-17"
1280,"2026-03-18"
594,"2026-03-18"
517,"2026-03-24"
408,"2026-03-23"
333,"2026-03-24"
300,"2026-03-24"
496,"2026-03-23"
225,"2026-03-26"
190,"2026-03-23"
962,"2026-03-24"
380,"2121-03-18"
580,"2121-03-18"
303,"2026-03-19"
303,"2026-03-19"
303,"2026-03-19"
893,"2026-03-17"
893,"2026-03-17"
528,"2026-04-26"
893,"2026-03-17"
893,"2026-03-17"
893,"2026-03-17"
642,"2026-03-22"
763,"2026-03-17"
818,"2026-03-17"
450,"2026-03-18"
776,"2026-03-18"
284,"2026-03-23"
78,"2026-04-06"
284,"2026-03-23"
627,"2026-03-23"
262,"2026-03-24"
300,"2026-03-23"
320,"2026-03-23"
806,"2026-03-29"
806,"2026-03-29"
806,"2026-03-29"
284,"2026-04-19"
284,"2026-04-19"
284,"2026-04-19"
886,"2026-03-29"
886,"2026-03-29"
886,"2026-03-29"
364,"2026-04-20"
364,"2026-04-20"
364,"2026-04-20"
520,"2026-04-15"
703,"2026-03-26"
684,"2026-04-26"
238,"2026-04-23"
295,"2026-04-23"
468,"2026-04-26"
638,"2026-05-21"
85,"2026-04-08"
1190,"2026-05-20"
265,"2026-04-06"
349,"2026-04-07"
506,"2026-04-06"
492,"2026-05-24"
240,"2026-05-21"
561,"2026-04-09"
123,"2026-04-09"
135,"2026-05-21"
952,"2026-05-20"
758,"2026-04-16"
104,"2026-04-23"
104,"2026-04-23"
952,"2026-06-09"
256,"2026-05-11"
98,"2026-04-30"
98,"2026-04-30"
98,"2026-04-30"
98,"2026-04-30"
220,"2026-04-28"
220,"2026-04-28"
220,"2026-04-28"
220,"2026-04-28"
155,"2026-04-29"
155,"2026-04-29"
155,"2026-04-29"
155,"2026-04-29"
320,"2026-05-11"
61,"2026-04-28"
61,"2026-04-28"
291,"2026-04-26"
349,"2026-04-27"
415,"2026-04-26"
572,"2026-04-27"
659,"2026-04-26"
882,"2026-04-27"
527,"2026-05-27"
690,"2026-05-26"
830,"2026-05-27"
517,"2026-04-28"
280,"2026-05-27"
429,"2026-04-27"
269,"2026-06-09"
339,"2026-05-26"
453,"2026-06-10"
450,"2121-04-28"
380,"2026-04-29"
440,"2026-05-04"
601,"2026-05-03"
805,"2026-05-04"
393,"2026-05-25"
430,"2026-05-13"
560,"2026-05-12"
1116,"2026-05-10"
288,"2026-05-13"
378,"2026-05-10"
184,"2026-05-12"
459,"2026-05-26"
459,"2026-05-26"
515,"2026-05-20"
683,"2026-06-09"
404,"2026-05-31"
450,"2026-05-24"
380,"2121-05-25"
160,"2026-05-27"
651,"2026-05-31"
104,"2026-05-31"
450,"2121-06-02"
225,"2026-06-10"
653,"2026-07-05"
580,"2026-07-05"
474,"2026-07-05"
125,"2026-06-17"
104,"2026-06-07"
240,"2026-06-07"
367,"2026-07-26"
824,"2026-06-16"
824,"2026-06-16"
1088,"2026-07-23"
310,"2026-06-16"
383,"2026-06-15"
715,"2026-06-15"
537,"2026-06-25"
593,"2026-06-24"
730,"2026-06-25"
1345,"2026-06-24"
255,"2026-06-21"
288,"2026-06-21"
812,"2026-06-24"
62,"2026-06-25"
324,"2026-06-28"
324,"2026-06-28"
430,"2026-06-25"
430,"2026-06-25"
569,"2026-06-25"
569,"2026-06-25"
645,"2026-06-25"
645,"2026-06-25"
302,"2026-06-25"
266,"2026-06-28"
547,"2026-07-23"
188,"2026-06-29"
430,"2026-07-09"
301,"2026-07-05"
177,"2026-07-05"
340,"2121-07-21"
340,"2121-07-21"
340,"2121-07-21"
698,"2026-07-23"
496,"2026-07-22"
496,"2026-07-22"
496,"2026-07-22"
279,"2121-07-21"
279,"2121-07-21"
279,"2121-07-21"
586,"2026-07-09"
424,"2026-07-15"
218,"2026-07-23"
404,"2121-07-21"
65,"2027-08-21"
160,"2027-08-21"
175,"2027-08-22"
202,"2027-08-21"
483,"2027-08-21"
514,"2027-08-28"
468,"2121-07-22"
345,"2121-07-22"
1127,"2026-08-03"
1127,"2026-08-03"
404,"2026-08-06"
898,"2026-07-26"
1118,"2026-08-02"
426,"2026-07-30"
520,"2026-08-24"
372,"2026-08-04"
510,"2026-08-11"
68,"2026-08-18"
85,"2026-08-16"
300,"2026-08-19"
1350,"2026-08-19"
507,"2121-08-13"
68,"2026-08-18"
284,"2026-08-25"
335,"2026-08-25"
683,"2026-08-25"
758,"2121-08-24"
468,"2121-08-20"
405,"2026-09-03"
105,"2026-08-25"
693,"2026-08-26"
693,"2026-08-26"
649,"2026-10-18"
422,"2026-10-21"
287,"2026-08-30"
295,"2026-08-30"
422,"2026-08-30"
514,"2026-08-30"
370,"2026-08-26"
99,"2026-09-01"
159,"2026-09-06"
376,"2026-09-16"
376,"2026-09-16"
589,"2026-09-10"
589,"2026-09-10"
518,"2026-09-21"
518,"2026-09-21"
347,"2026-09-16"
347,"2026-09-16"
237,"2026-09-23"
110,"2026-09-10"
70,"2026-09-10"
323,"2026-09-30"
400,"2026-09-16"
400,"2026-09-16"
765,"2026-09-16"
208,"2026-09-30"
208,"2026-09-30"
451,"2026-09-17"
426,"2026-09-17"
426,"2026-09-17"
367,"2026-10-06"
110,"2026-10-07"
253,"2026-10-06"
253,"2026-10-06"
382,"2026-10-06"
382,"2026-10-06"
286,"2026-10-06"
286,"2026-10-06"
423,"2026-10-06"
98,"2026-10-10"
514,"2026-10-12"
514,"2026-10-12"
751,"2026-10-14"
751,"2026-10-14"
868,"2026-10-12"
120,"2121-09-19"
171,"2121-09-19"
106,"2026-10-13"
415,"2026-10-14"
596,"2026-10-12"
596,"2026-10-12"
175,"2026-10-14"
682,"2026-10-14"
682,"2026-10-14"
240,"2026-10-18"
725,"2026-10-21"
725,"2026-10-21"
255,"2026-10-19"
335,"2026-10-21"
313,"2026-10-19"
426,"2026-10-21"
565,"2026-10-19"
262,"2026-10-21"
140,"2026-11-09"
140,"2026-11-09"
140,"2026-11-09"
370,"2121-09-26"
245,"2026-11-03"
151,"2026-11-03"
667,"2026-10-24"
216,"2026-10-24"
259,"2026-10-20"
443,"2026-10-24"
785,"2026-10-20"
785,"2026-10-20"
294,"2026-10-24"
381,"2026-10-20"
84,"2026-11-02"
85,"2026-11-03"
284,"2026-11-02"
506,"2026-10-27"
60,"2026-11-08"
440,"2026-11-02"
572,"2026-11-03"
320,"2026-11-03"
600,"2026-11-15"
369,"2026-11-03"
381,"2026-11-11"
362,"2026-11-11"
402,"2026-11-11"
287,"2026-11-07"
371,"2026-11-09"
433,"2026-11-07"
149,"2026-11-09"
149,"2026-11-09"
367,"2026-11-07"
367,"2026-11-11"
62,"2026-11-15"
130,"2026-11-22"
360,"2026-11-15"
261,"2026-11-15"
312,"2026-11-15"
230,"2026-11-23"
400,"2026-11-24"
194,"2026-11-24"
194,"2026-11-24"
194,"2026-11-24"
194,"2026-11-24"
210,"2026-11-22"
210,"2026-11-22"
210,"2026-11-22"
210,"2026-11-22"
210,"2026-11-22"
247,"2026-11-24"
247,"2026-11-24"
247,"2026-11-24"
247,"2026-11-24"
271,"2026-11-21"
271,"2026-11-21"
271,"2026-11-21"
271,"2026-11-21"
271,"2026-11-21"
170,"2026-11-18"
275,"2027-02-03"
247,"2026-11-24"
102,"2121-10-30"
132,"2026-11-23"
174,"2121-10-30"
172,"2121-10-30"
214,"2121-10-30"
370,"2121-10-30"
562,"2121-10-30"
194,"2026-11-24"
592,"2121-10-30"
151,"2026-11-22"
151,"2026-11-22"
151,"2026-11-22"
151,"2026-11-22"
151,"2026-11-22"
422,"2026-11-24"
528,"2026-11-24"
151,"2026-11-25"
151,"2026-11-25"
98,"2027-01-20"
416,"2026-11-30"
191,"2026-11-28"
832,"2026-11-25"
440,"2026-11-30"
579,"2026-11-30"
579,"2026-11-30"
674,"2026-11-30"
674,"2026-11-30"
280,"2026-11-30"
316,"2026-11-30"
316,"2026-11-30"
375,"2026-11-30"
349,"2026-11-30"
349,"2026-12-02"
393,"2026-12-02"
393,"2026-12-02"
462,"2026-12-02"
411,"2026-12-05"
411,"2026-12-02"
513,"2026-12-02"
513,"2026-12-02"
656,"2026-12-02"
656,"2026-12-02"
157,"2026-11-30"
630,"2121-11-14"
232,"2026-12-14"
232,"2026-12-14"
284,"2026-12-14"
284,"2026-12-14"
276,"2026-12-13"
276,"2026-12-14"
284,"2026-12-14"
331,"2026-12-13"
331,"2026-12-15"
295,"2026-12-14"
295,"2027-01-13"
287,"2027-01-18"
419,"2026-12-13"
419,"2027-01-13"
346,"2026-12-13"
346,"2027-01-13"
360,"2027-01-13"
528,"2026-12-13"
528,"2027-01-13"
433,"2026-12-13"
433,"2027-01-13"
543,"2027-01-13"
663,"2026-12-13"
663,"2027-01-18"
492,"2026-12-13"
492,"2027-01-16"
630,"2027-01-16"
915,"2026-12-13"
915,"2027-01-16"
915,"2026-12-15"
893,"2026-12-05"
419,"2026-12-14"
419,"2026-12-14"
419,"2026-12-14"
576,"2026-12-12"
576,"2026-12-12"
576,"2026-12-12"
740,"2026-12-12"
740,"2026-12-12"
740,"2026-12-12"
383,"2026-12-12"
437,"2026-12-14"
437,"2026-12-14"
437,"2026-12-14"
437,"2026-12-14"
613,"2026-12-14"
613,"2026-12-14"
613,"2026-12-14"
777,"2026-12-12"
777,"2026-12-12"
777,"2026-12-12"
423,"2121-11-15"
276,"2026-12-13"
276,"2027-01-16"
331,"2026-12-13"
331,"2027-01-16"
357,"2027-01-16"
419,"2026-12-13"
419,"2027-01-16"
543,"2026-12-13"
605,"2026-12-13"
605,"2027-01-13"
725,"2026-12-15"
725,"2027-01-16"
115,"2026-12-14"
653,"2026-12-19"
653,"2026-12-19"
653,"2026-12-19"
270,"2026-12-20"
270,"2026-12-20"
270,"2026-12-20"
386,"2026-12-16"
386,"2027-03-27"
386,"2026-12-16"
346,"2026-12-19"
346,"2026-12-19"
346,"2026-12-19"
346,"2026-12-19"
416,"2026-12-19"
416,"2026-12-19"
416,"2026-12-19"
416,"2026-12-19"
551,"2026-12-20"
551,"2026-12-20"
551,"2026-12-20"
635,"2026-12-19"
635,"2026-12-19"
635,"2026-12-19"
817,"2026-12-20"
817,"2026-12-20"
817,"2026-12-20"
270,"2026-12-20"
151,"2026-12-16"
101,"2027-01-30"
95,"2027-01-24"
412,"2026-12-19"
412,"2026-12-19"
412,"2026-12-19"
897,"2026-12-19"
897,"2026-12-19"
897,"2026-12-19"
532,"2027-01-16"
349,"2026-12-19"
349,"2027-01-18"
557,"2026-12-19"
557,"2027-01-18"
400,"2026-12-19"
400,"2027-01-18"
462,"2026-12-19"
1423,"2027-01-10"
1423,"2027-01-10"
1423,"2027-01-10"
594,"2027-01-10"
594,"2027-01-10"
594,"2027-01-10"
1113,"2027-01-10"
1113,"2027-01-10"
1113,"2027-01-10"
364,"2027-01-10"
364,"2027-01-10"
364,"2027-01-10"
353,"2027-01-10"
353,"2027-01-10"
353,"2027-01-10"
514,"2027-01-12"
514,"2027-01-12"
514,"2027-01-12"
499,"2027-01-10"
499,"2027-01-10"
499,"2027-01-10"
580,"2027-01-10"
580,"2027-01-10"
580,"2027-01-10"
580,"2027-01-10"
580,"2027-01-10"
580,"2027-01-10"
715,"2027-01-12"
715,"2027-01-12"
715,"2027-01-12"
916,"2027-01-10"
916,"2027-01-10"
916,"2027-01-10"
287,"2027-01-10"
342,"2027-01-10"
619,"2027-01-13"
915,"2027-01-13"
122,"2027-01-10"
175,"2027-01-12"
478,"2027-01-12"
135,"2027-01-13"
175,"2027-01-12"
135,"2027-01-24"
376,"2027-01-13"
869,"2027-01-12"
467,"2027-01-13"
704,"2027-01-12"
970,"2027-01-13"
544,"2027-01-16"
339,"2027-01-18"
339,"2027-01-18"
339,"2027-01-18"
744,"2027-01-18"
744,"2027-01-18"
744,"2027-01-18"
781,"2027-01-19"
781,"2027-01-19"
781,"2027-01-19"
715,"2027-01-19"
715,"2027-01-19"
715,"2027-01-19"
755,"2027-01-19"
755,"2027-01-19"
755,"2027-01-19"
635,"2027-01-19"
635,"2027-01-19"
635,"2027-01-19"
180,"2027-01-16"
978,"2027-01-19"
978,"2027-01-19"
978,"2027-01-19"
1233,"2027-01-19"
1233,"2027-01-19"
1233,"2027-01-19"
897,"2027-01-19"
897,"2027-01-19"
897,"2027-01-19"
492,"2027-01-19"
492,"2027-01-19"
426,"2027-01-19"
426,"2027-01-19"
107,"2027-01-19"
387,"2027-01-18"
110,"2027-01-18"
451,"2027-01-18"
629,"2027-01-19"
732,"2027-01-18"
555,"2027-01-18"
269,"2027-02-14"
276,"2027-02-16"
342,"2027-02-14"
419,"2027-02-17"
419,"2027-02-14"
557,"2027-03-14"
776,"2027-02-14"
776,"2027-03-14"
466,"2027-02-14"
462,"2027-03-14"
849,"2027-02-14"
849,"2027-02-17"
605,"2027-02-14"
1200,"2027-02-20"
1200,"2027-02-14"
959,"2027-02-20"
1171,"2027-02-14"
1171,"2027-02-20"
426,"2027-01-19"
426,"2027-01-19"
492,"2027-01-19"
492,"2027-01-19"
507,"2027-01-31"
1000,"2027-01-24"
1000,"2027-01-24"
1000,"2027-01-24"
302,"2027-02-01"
302,"2027-02-01"
302,"2027-02-01"
302,"2027-02-01"
353,"2027-01-24"
251,"2027-02-01"
291,"2027-01-26"
580,"2027-01-26"
580,"2027-01-26"
580,"2027-01-26"
317,"2027-02-01"
419,"2027-01-26"
576,"2027-02-01"
471,"2027-01-20"
321,"2026-12-20"
321,"2026-12-20"
321,"2026-12-20"
321,"2026-12-20"
259,"2026-12-20"
259,"2026-12-20"
259,"2026-12-20"
295,"2026-12-19"
295,"2026-12-19"
295,"2026-12-19"
671,"2026-12-19"
671,"2026-12-19"
671,"2026-12-19"
671,"2026-12-19"
671,"2026-12-19"
430,"2026-12-19"
430,"2026-12-19"
430,"2026-12-19"
430,"2026-12-19"
430,"2026-12-19"
557,"2027-02-20"
630,"2027-02-20"
915,"2027-01-26"
202,"2027-02-01"
84,"2027-02-09"
151,"2027-02-09"
835,"2027-01-26"
894,"2027-01-27"
1076,"2027-02-01"
663,"2027-02-14"
663,"2027-02-20"
507,"2027-02-01"
306,"2027-02-06"
306,"2027-02-06"
306,"2027-02-06"
306,"2027-02-06"
331,"2027-02-08"
278,"2122-01-10"
285,"2122-01-10"
321,"2122-01-10"
515,"2122-01-10"
299,"2122-01-10"
321,"2122-01-10"
256,"2027-02-09"
459,"2027-02-08"
200,"2027-02-27"
315,"2027-02-08"
212,"2027-02-06"
225,"2027-02-08"
151,"2027-02-16"
360,"2027-02-10"
422,"2027-02-09"
532,"2027-02-08"
627,"2027-02-09"
82,"2027-02-09"
600,"2027-02-08"
315,"2027-02-09"
347,"2027-02-09"
504,"2027-02-16"
661,"2027-02-09"
826,"2027-02-16"
875,"2027-02-09"
758,"2027-02-16"
370,"2027-02-16"
600,"2027-02-24"
320,"2027-02-16"
600,"2027-02-14"
151,"2026-06-15"
151,"2026-06-15"
151,"2026-06-15"
284,"2027-02-21"
536,"2027-03-15"
572,"2027-02-23"
104,"2027-02-21"
145,"2027-02-06"
145,"2027-02-06"
145,"2027-02-06"
145,"2027-02-06"
286,"2027-02-23"
90,"2027-04-04"
375,"2027-02-21"
375,"2027-02-24"
484,"2027-02-21"
484,"2027-02-24"
587,"2027-02-21"
587,"2027-02-24"
754,"2027-02-21"
754,"2027-02-24"
256,"2027-02-28"
91,"2027-03-07"
145,"2027-03-08"
448,"2027-03-09"
68,"2027-03-15"
68,"2027-03-08"
210,"2027-03-10"
247,"2027-03-14"
82,"2027-03-10"
131,"2027-03-14"
185,"2027-03-10"
505,"2122-02-20"
235,"2027-03-21"
131,"2027-03-15"
580,"2122-02-25"
218,"2027-03-22"
307,"2027-03-17"
320,"2027-03-22"
410,"2027-03-17"
527,"2027-03-23"
116,"2122-02-28"
354,"2027-03-24"
462,"2027-03-27"
462,"2027-03-27"
462,"2027-03-27"
462,"2027-03-27"
462,"2027-03-27"
462,"2027-03-27"
462,"2027-03-27"
667,"2027-04-07"
667,"2027-04-07"
667,"2027-04-07"
667,"2027-04-07"
667,"2027-04-07"
667,"2027-04-07"
62,"2027-04-03"
83,"2027-04-07"
83,"2027-04-07"
83,"2027-04-07"
83,"2027-04-07"
83,"2027-04-07"
83,"2027-04-07"
220,"2027-03-30"
505,"2027-04-21"
75,"2027-04-03"
320,"2027-04-10"
440,"2027-04-10"
665,"2027-04-10"
587,"2027-04-10"
726,"2027-04-10"
1130,"2027-04-10"
220,"2027-04-04"
569,"2027-04-07"
569,"2027-04-07"
569,"2027-04-07"
395,"2027-05-04"
521,"2027-04-26"
521,"2027-04-26"
521,"2027-04-26"
265,"2027-04-26"
349,"2027-04-25"
415,"2027-04-26"
572,"2027-04-25"
67,"2027-04-26"
285,"2122-04-04"
60,"2027-05-18"
354,"2122-04-04"
460,"2122-04-04"
351,"2122-04-04"
446,"2122-04-04"
395,"2122-04-04"
490,"2122-04-04"
687,"2122-04-04"
116,"2027-05-02"
189,"2027-04-28"
240,"2027-05-02"
411,"2027-04-28"
506,"2027-05-02"
305,"2027-05-01"
424,"2027-05-29"
254,"2027-05-05"
254,"2027-05-05"
254,"2027-05-05"
304,"2027-05-05"
304,"2027-05-05"
304,"2027-05-05"
242,"2027-05-16"
242,"2027-05-16"
469,"2027-05-05"
469,"2027-05-05"
329,"2027-05-08"
329,"2027-05-08"
489,"2027-05-08"
115,"2027-06-02"
115,"2027-06-02"
115,"2027-06-02"
115,"2027-06-02"
115,"2027-06-02"
115,"2027-06-02"
115,"2027-06-02"
135,"2027-06-02"
135,"2027-06-02"
135,"2027-06-02"
135,"2027-06-02"
135,"2027-06-02"
135,"2027-06-02"
135,"2027-06-02"
138,"2027-06-08"
138,"2027-06-08"
138,"2027-06-08"
138,"2027-06-08"
138,"2027-06-08"
138,"2027-06-08"
138,"2027-06-08"
692,"2027-05-11"
226,"2027-05-12"
380,"2027-05-12"
130,"2027-05-12"
242,"2027-05-16"
416,"2027-05-12"
416,"2027-05-12"
528,"2027-05-10"
528,"2027-05-10"
416,"2027-05-12"
528,"2027-05-10"
698,"2027-05-11"
698,"2027-05-11"
698,"2027-05-11"
465,"2027-05-12"
254,"2027-05-16"
131,"2027-05-17"
725,"2027-05-19"
346,"2027-05-26"
416,"2027-05-25"
381,"2027-05-23"
381,"2027-05-23"
270,"2027-05-26"
437,"2027-05-26"
576,"2027-05-26"
335,"2027-05-19"
214,"2027-05-17"
269,"2027-05-17"
269,"2027-05-23"
333,"2027-05-22"
248,"2027-05-23"
248,"2027-05-23"
537,"2027-05-23"
537,"2027-05-23"
728,"2027-05-22"
941,"2027-05-22"
293,"2027-05-23"
293,"2027-05-23"
284,"2027-05-23"
342,"2027-05-24"
419,"2027-05-23"
532,"2027-05-24"
605,"2027-05-23"
232,"2027-05-24"
232,"2027-05-23"
284,"2027-05-24"
284,"2027-05-23"
349,"2027-05-24"
349,"2027-05-23"
70,"2027-06-16"
70,"2027-06-16"
70,"2027-06-16"
70,"2027-06-16"
70,"2027-06-16"
70,"2027-06-16"
320,"2027-05-30"
750,"2027-05-31"
505,"2027-05-26"
400,"2027-06-02"
215,"2122-05-14"
270,"2122-05-10"
365,"2122-05-14"
330,"2122-05-10"
435,"2122-05-10"
215,"2122-05-14"
310,"2122-05-10"
450,"2122-05-10"
610,"2122-05-10"
339,"2027-06-13"
416,"2027-06-02"
284,"2027-06-08"
341,"2027-06-07"
254,"2027-06-07"
372,"2027-06-07"
68,"2026-08-25"
68,"2026-08-25"
68,"2026-08-25"
766,"2122-06-02"
103,"2027-06-09"
110,"2027-06-16"
138,"2027-06-16"
138,"2027-06-16"
138,"2027-06-16"
138,"2027-06-16"
138,"2027-06-16"
138,"2027-06-16"
287,"2027-06-20"
295,"2027-06-16"
422,"2027-06-20"
151,"2027-06-16"
151,"2027-06-16"
151,"2027-06-16"
151,"2027-06-16"
151,"2027-06-16"
151,"2027-06-16"
514,"2027-06-16"
159,"2027-06-16"
159,"2027-06-16"
159,"2027-06-16"
159,"2027-06-16"
159,"2027-06-16"
159,"2027-06-16"
162,"2027-06-20"
162,"2027-06-20"
162,"2027-06-20"
162,"2027-06-20"
162,"2027-06-20"
162,"2027-06-20"
689,"2027-06-29"
810,"2027-06-28"
469,"2027-07-04"
988,"2027-07-12"
380,"2027-07-04"
380,"2027-07-04"
464,"2027-07-06"
464,"2027-07-06"
599,"2027-07-04"
599,"2027-07-04"
868,"2027-07-06"
868,"2027-07-06"
104,"2027-07-04"
135,"2027-07-06"
1602,"2027-07-17"
1602,"2027-07-17"
1602,"2027-07-17"
380,"2027-07-04"
464,"2027-07-06"
599,"2027-07-04"
868,"2027-07-06"
259,"2027-07-17"
295,"2027-07-17"
321,"2027-07-17"
430,"2027-07-07"
671,"2027-07-17"
148,"2027-06-20"
148,"2027-06-20"
380,"2122-06-12"
146,"2122-06-14"
206,"2122-06-14"
151,"2027-07-31"
151,"2027-07-31"
375,"2027-07-07"
375,"2027-07-19"
462,"2027-07-12"
462,"2027-07-19"
572,"2027-07-11"
572,"2027-07-19"
232,"2027-07-07"
232,"2027-07-19"
269,"2027-07-11"
346,"2027-07-19"
419,"2027-07-11"
477,"2027-07-19"
400,"2122-06-14"
131,"2027-08-10"
426,"2122-06-19"
725,"2122-06-19"
518,"2122-06-19"
589,"2122-06-19"
210,"2027-07-17"
247,"2027-07-21"
386,"2027-07-17"
110,"2027-07-26"
110,"2027-07-26"
70,"2027-07-26"
70,"2027-07-26"
802,"2027-07-24"
802,"2027-07-21"
67,"2027-07-28"
67,"2027-07-28"
422,"2027-08-11"
93,"2027-07-28"
93,"2027-07-28"
100,"2027-07-28"
100,"2027-07-28"
420,"2027-08-07"
380,"2027-08-15"
476,"2027-08-04"
476,"2027-08-04"
638,"2027-08-01"
638,"2027-08-01"
799,"2027-08-07"
799,"2027-08-07"
110,"2027-08-04"
151,"2027-08-07"
430,"2122-07-04"
114,"2027-07-28"
93,"2027-07-28"
378,"2027-07-31"
118,"2027-08-01"
118,"2027-08-01"
476,"2027-08-04"
186,"2027-08-01"
512,"2027-08-21"
512,"2027-08-21"
375,"2027-08-04"
375,"2027-08-04"
375,"2027-08-04"
269,"2027-08-07"
799,"2027-08-07"
638,"2027-08-01"
53,"2122-07-31"
823,"2027-08-15"
220,"2027-08-08"
186,"2027-08-15"
112,"2027-08-09"
840,"2027-09-01"
512,"2027-08-28"
247,"2027-08-17"
258,"2027-08-17"
320,"2027-08-14"
280,"2122-07-22"
350,"2122-07-23"
140,"2027-08-28"
424,"2122-07-29"
586,"2122-07-29"
955,"2027-08-25"
319,"2027-08-25"
369,"2027-08-22"
854,"2027-08-22"
649,"2027-08-25"
459,"2027-08-22"
1028,"2027-08-25"
1028,"2027-08-25"
1028,"2027-08-25"
630,"2027-09-26"
148,"2027-08-28"
148,"2027-08-28"
120,"2027-08-29"
650,"2122-08-02"
520,"2122-08-05"
424,"2027-09-25"
586,"2027-09-26"
220,"2027-10-03"
190,"2027-10-02"
276,"2027-08-31"
331,"2027-08-28"
419,"2027-08-31"
543,"2027-08-28"
605,"2027-08-31"
915,"2027-08-28"
181,"2122-08-07"
272,"2027-08-28"
225,"2027-09-04"
296,"2028-07-31"
105,"2027-09-14"
119,"2027-09-25"
119,"2027-09-25"
119,"2027-09-25"
119,"2027-09-25"
119,"2027-09-25"
119,"2027-09-25"
105,"2027-09-04"
488,"2027-09-08"
104,"2027-09-06"
251,"2027-09-13"
318,"2122-08-15"
300,"2122-08-15"
460,"2122-09-06"
650,"2122-08-15"
980,"2122-08-19"
480,"2027-11-13"
949,"2027-09-14"
112,"2027-09-20"
112,"2027-09-20"
112,"2027-09-20"
112,"2027-09-20"
112,"2027-09-20"
112,"2027-09-20"
630,"2027-09-14"
695,"2027-09-15"
811,"2027-09-11"
175,"2027-09-18"
119,"2027-09-25"
112,"2027-09-20"
410,"2027-09-20"
374,"2027-09-25"
253,"2027-09-25"
345,"2122-09-10"
110,"2027-09-27"
580,"2027-09-27"
296,"2027-09-27"
610,"2027-11-13"
974,"2027-10-02"
974,"2027-10-02"
974,"2027-10-02"
974,"2027-10-02"
170,"2027-09-29"
330,"2027-10-03"
90,"2122-09-11"
90,"2122-09-11"
90,"2122-09-11"
360,"2027-07-14"
360,"2027-07-14"
360,"2027-07-14"
467,"2027-10-09"
544,"2027-10-09"
150,"2027-10-05"
422,"2027-10-06"
83,"2027-10-16"
277,"2027-10-11"
277,"2027-10-11"
277,"2027-10-11"
277,"2027-10-11"
83,"2027-10-13"
579,"2027-10-13"
579,"2027-10-13"
579,"2027-10-13"
579,"2027-10-13"
667,"2027-10-24"
667,"2027-10-24"
667,"2027-10-24"
667,"2027-10-24"
339,"2027-10-12"
339,"2027-10-12"
339,"2027-10-12"
339,"2027-10-12"
404,"2027-10-13"
404,"2027-10-13"
404,"2027-10-13"
404,"2027-10-13"
404,"2027-10-13"
102,"2027-10-17"
102,"2027-10-17"
102,"2027-10-16"
367,"2027-10-20"
387,"2027-10-16"
451,"2027-10-16"
225,"2027-10-27"
272,"2027-11-06"
83,"2027-10-19"
480,"2028-01-02"
382,"2027-10-26"
382,"2027-10-26"
382,"2027-10-26"
382,"2027-10-26"
66,"2027-11-03"
90,"2027-11-01"
118,"2122-09-27"
172,"2028-07-03"
254,"2027-11-03"
123,"2027-10-30"
66,"2027-10-25"
90,"2028-07-09"
90,"2027-10-25"
180,"2027-10-25"
124,"2027-11-07"
124,"2027-11-07"
124,"2027-11-07"
225,"2027-10-27"
180,"2027-10-25"
180,"2027-10-25"
180,"2027-10-25"
180,"2027-10-25"
124,"2027-11-07"
629,"2027-11-01"
203,"2027-11-01"
203,"2027-11-01"
203,"2027-11-01"
203,"2027-11-01"
203,"2027-11-01"
89,"2027-11-27"
110,"2027-11-13"
197,"2027-11-13"
312,"2027-11-07"
457,"2027-11-13"
199,"2027-11-07"
256,"2027-11-06"
469,"2027-11-06"
418,"2027-11-20"
354,"2027-11-08"
274,"2027-11-20"
332,"2027-12-03"
267,"2122-10-16"
320,"2122-10-16"
190,"2028-01-02"
504,"2027-11-17"
225,"2027-11-15"
480,"2027-11-27"
175,"2122-10-25"
122,"2122-10-25"
834,"2027-11-30"
450,"2027-11-23"
535,"2027-11-23"
232,"2027-11-28"
232,"2027-11-28"
276,"2027-11-27"
276,"2027-11-27"
284,"2027-11-27"
284,"2027-11-27"
309,"2027-11-27"
309,"2027-11-27"
364,"2027-11-27"
364,"2027-11-27"
349,"2027-11-27"
349,"2027-11-27"
422,"2027-11-27"
422,"2027-11-27"
378,"2027-11-27"
378,"2027-11-28"
444,"2027-11-27"
444,"2027-11-27"
411,"2027-11-27"
411,"2027-11-27"
532,"2027-11-27"
532,"2027-11-27"
579,"2027-11-27"
579,"2027-11-27"
561,"2027-11-28"
561,"2027-11-28"
718,"2027-11-27"
718,"2027-11-29"
871,"2027-11-29"
656,"2027-11-29"
656,"2027-11-27"
663,"2027-11-29"
663,"2027-11-27"
692,"2027-12-03"
878,"2027-11-30"
394,"2027-12-20"
394,"2027-12-20"
394,"2027-12-20"
394,"2027-12-20"
278,"2027-12-03"
542,"2027-12-01"
280,"2027-12-20"
280,"2027-12-20"
280,"2027-12-20"
295,"2027-12-03"
295,"2027-12-01"
346,"2027-12-03"
346,"2027-12-01"
433,"2027-12-03"
433,"2027-12-01"
492,"2027-12-03"
492,"2027-12-01"
725,"2027-12-03"
725,"2027-12-01"
259,"2027-12-20"
259,"2027-12-20"
259,"2027-12-20"
321,"2027-12-20"
321,"2027-12-20"
321,"2027-12-20"
321,"2027-12-20"
346,"2027-12-20"
346,"2027-12-20"
346,"2027-12-20"
416,"2027-12-20"
416,"2027-12-20"
416,"2027-12-20"
396,"2027-12-07"
533,"2027-12-11"
304,"2027-12-13"
635,"2027-12-20"
635,"2027-12-20"
635,"2027-12-20"
569,"2027-12-20"
569,"2027-12-20"
569,"2027-12-20"
682,"2027-12-20"
682,"2027-12-20"
682,"2027-12-20"
220,"2028-01-03"
269,"2027-12-13"
269,"2027-12-13"
287,"2027-12-13"
287,"2027-12-13"
357,"2027-12-13"
357,"2027-12-13"
466,"2027-12-13"
466,"2027-12-13"
605,"2027-12-13"
915,"2027-12-13"
160,"2028-01-02"
190,"2027-12-22"
61,"2027-12-12"
259,"2027-12-21"
259,"2027-12-21"
259,"2027-12-21"
589,"2027-12-13"
465,"2027-12-13"
503,"2027-12-21"
503,"2027-12-21"
503,"2027-12-21"
562,"2027-12-22"
562,"2027-12-22"
562,"2027-12-22"
259,"2027-12-22"
259,"2027-12-22"
259,"2027-12-22"
259,"2027-12-22"
328,"2027-12-21"
328,"2027-12-21"
328,"2027-12-21"
328,"2027-12-21"
361,"2027-12-22"
361,"2027-12-22"
361,"2027-12-22"
361,"2027-12-22"
452,"2027-12-22"
452,"2027-12-22"
452,"2027-12-22"
452,"2027-12-22"
260,"2028-01-10"
580,"2027-12-21"
580,"2027-12-21"
580,"2027-12-21"
897,"2027-12-21"
897,"2027-12-21"
897,"2027-12-21"
412,"2028-01-03"
412,"2028-01-03"
412,"2028-01-03"
160,"2028-01-03"
412,"2028-01-03"
412,"2028-01-03"
412,"2028-01-03"
755,"2028-01-03"
755,"2028-01-03"
755,"2028-01-03"
1069,"2028-01-03"
1069,"2028-01-03"
1069,"2028-01-03"
605,"2028-01-03"
605,"2028-01-03"
605,"2028-01-03"
791,"2028-01-03"
791,"2028-01-03"
791,"2028-01-03"
562,"2028-01-03"
562,"2028-01-03"
562,"2028-01-03"
744,"2028-01-03"
744,"2028-01-03"
744,"2028-01-03"
948,"2028-01-03"
948,"2028-01-03"
948,"2028-01-03"
419,"2028-01-03"
419,"2028-01-03"
419,"2028-01-03"
532,"2028-01-03"
532,"2028-01-03"
532,"2028-01-03"
697,"2028-01-03"
1365,"2028-01-03"
1365,"2028-01-03"
1365,"2028-01-03"
269,"2028-01-11"
287,"2028-01-11"
357,"2028-01-11"
466,"2028-01-11"
569,"2028-01-03"
569,"2028-01-03"
569,"2028-01-03"
343,"2028-01-03"
784,"2028-01-03"
1109,"2028-01-03"
1109,"2028-01-03"
1109,"2028-01-03"
358,"2028-01-04"
104,"2027-05-01"
104,"2027-05-01"
104,"2027-05-01"
711,"2028-01-04"
711,"2028-01-04"
711,"2028-01-04"
905,"2028-01-04"
905,"2028-01-04"
905,"2028-01-04"
671,"2028-01-04"
671,"2028-01-04"
671,"2028-01-04"
671,"2028-01-04"
616,"2028-01-04"
605,"2028-01-03"
272,"2028-01-05"
789,"2028-01-08"
765,"2028-01-08"
149,"2028-01-16"
102,"2028-01-22"
1233,"2028-01-16"
554,"2028-01-16"
354,"2028-01-12"
333,"2028-01-12"
104,"2028-01-16"
459,"2028-01-17"
459,"2028-01-17"
550,"2028-01-17"
550,"2028-01-17"
754,"2028-01-17"
754,"2028-01-17"
477,"2028-01-17"
530,"2028-01-17"
667,"2028-01-17"
269,"2028-01-19"
287,"2028-01-19"
357,"2028-01-19"
466,"2028-01-19"
605,"2028-01-19"
605,"2028-01-19"
915,"2028-01-19"
915,"2028-01-19"
1034,"2028-01-26"
793,"2028-01-26"
894,"2028-01-26"
416,"2028-02-02"
416,"2028-02-02"
288,"2028-01-31"
348,"2028-01-31"
416,"2028-02-02"
565,"2028-02-02"
565,"2028-02-02"
565,"2028-02-02"
212,"2028-02-28"
99,"2028-02-01"
744,"2028-01-31"
232,"2028-02-06"
404,"2028-03-20"
272,"2028-02-06"
175,"2028-02-07"
175,"2028-02-07"
175,"2028-02-07"
223,"2123-01-15"
289,"2123-01-15"
365,"2123-01-15"
457,"2123-01-15"
362,"2123-01-15"
457,"2123-01-15"
726,"2028-02-13"
726,"2028-02-13"
726,"2028-02-13"
416,"2028-02-13"
416,"2028-02-13"
416,"2028-02-13"
569,"2028-02-13"
569,"2028-02-13"
569,"2028-02-13"
806,"2028-02-13"
806,"2028-02-13"
806,"2028-02-13"
732,"2028-04-02"
532,"2028-02-28"
150,"2028-02-13"
476,"2028-04-02"
1170,"2028-04-11"
623,"2028-04-02"
1010,"2028-04-02"
277,"2028-04-02"
220,"2028-04-02"
520,"2028-04-02"
532,"2028-04-02"
812,"2028-04-02"
956,"2028-04-02"
944,"2028-02-19"
180,"2028-02-29"
275,"2028-02-22"
330,"2028-02-27"
205,"2028-02-28"
129,"2123-02-04"
1771,"2028-04-02"
450,"2028-03-07"
170,"2028-03-01"
420,"2028-03-18"
95,"2123-02-13"
144,"2123-02-21"
144,"2028-03-07"
1276,"2028-03-12"
1276,"2028-03-14"
672,"2123-02-14"
364,"2028-03-19"
404,"2028-03-20"
404,"2028-03-20"
404,"2028-03-20"
404,"2028-03-20"
102,"2028-03-21"
150,"2028-04-24"
329,"2028-03-26"
365,"2028-03-22"
481,"2028-03-26"
110,"2028-03-19"
385,"2028-03-20"
452,"2028-03-20"
62,"2028-03-22"
653,"2028-04-09"
653,"2028-04-09"
653,"2028-04-09"
400,"2028-04-12"
400,"2028-04-12"
413,"2028-04-12"
413,"2028-04-12"
523,"2028-04-11"
523,"2028-04-11"
617,"2028-04-09"
617,"2028-04-09"
580,"2028-04-09"
580,"2028-04-09"
551,"2028-04-19"
551,"2028-04-19"
200,"2028-04-11"
212,"2028-04-11"
225,"2028-04-11"
315,"2028-04-11"
459,"2028-04-11"
574,"2028-04-09"
574,"2028-04-09"
70,"2028-04-03"
235,"2123-03-12"
180,"2028-05-03"
546,"2028-04-09"
269,"2028-04-16"
269,"2028-04-16"
287,"2028-04-16"
287,"2028-04-16"
357,"2028-04-16"
357,"2028-04-16"
466,"2028-04-16"
466,"2028-04-16"
605,"2028-04-16"
605,"2028-04-16"
915,"2028-04-16"
915,"2028-04-16"
214,"2028-04-11"
269,"2028-04-11"
269,"2028-04-11"
333,"2028-04-11"
489,"2028-04-19"
225,"2028-04-11"
391,"2123-03-20"
486,"2123-03-20"
376,"2028-04-12"
58,"2028-05-06"
459,"2028-04-29"
550,"2028-04-29"
754,"2028-04-29"
462,"2028-05-03"
258,"2028-05-03"
302,"2028-05-03"
265,"2028-05-03"
251,"2028-05-06"
338,"2028-05-03"
320,"2028-05-06"
419,"2028-05-03"
400,"2028-05-06"
462,"2028-05-03"
477,"2028-05-03"
1233,"2028-04-26"
400,"2028-05-14"
400,"2028-05-14"
463,"2028-05-14"
463,"2028-05-14"
104,"2028-05-06"
104,"2028-05-06"
104,"2028-05-06"
104,"2028-05-06"
104,"2028-05-06"
149,"2028-05-06"
149,"2028-05-06"
149,"2028-05-06"
149,"2028-05-06"
149,"2028-05-06"
259,"2028-05-27"
259,"2028-05-27"
254,"2028-05-01"
254,"2028-05-01"
305,"2028-05-01"
305,"2028-05-01"
399,"2028-05-01"
399,"2028-05-01"
489,"2028-05-22"
489,"2028-05-22"
696,"2028-05-01"
696,"2028-05-01"
305,"2028-05-01"
259,"2028-05-27"
254,"2028-05-01"
399,"2028-05-01"
489,"2028-05-22"
696,"2028-05-01"
354,"2028-05-10"
397,"2028-05-06"
651,"2028-05-06"
902,"2028-05-06"
68,"2028-05-07"
79,"2028-05-07"
243,"2028-05-08"
243,"2028-05-08"
243,"2028-05-08"
127,"2028-05-08"
127,"2028-05-08"
127,"2028-05-08"
309,"2028-05-08"
251,"2028-05-09"
1300,"2028-05-09"
259,"2028-02-28"
259,"2028-02-28"
259,"2028-02-28"
299,"2028-02-28"
299,"2028-02-28"
299,"2028-02-28"
510,"2028-02-27"
510,"2028-02-27"
510,"2028-02-27"
426,"2028-02-27"
426,"2028-02-27"
426,"2028-02-27"
295,"2028-02-27"
295,"2028-02-27"
295,"2028-02-27"
353,"2028-05-22"
353,"2028-05-22"
353,"2028-05-22"
353,"2028-05-22"
353,"2028-05-22"
404,"2028-05-22"
404,"2028-05-22"
404,"2028-05-22"
404,"2028-05-22"
404,"2028-05-22"
200,"2028-05-09"
240,"2028-05-07"
150,"2028-05-21"
404,"2027-10-09"
395,"2028-05-27"
732,"2028-05-24"
1423,"2028-06-03"
280,"2028-06-03"
118,"2028-05-30"
180,"2028-06-03"
110,"2028-06-03"
333,"2028-05-29"
409,"2028-05-29"
791,"2028-06-26"
776,"2028-06-26"
944,"2028-06-26"
212,"2028-06-19"
546,"2028-06-07"
546,"2028-06-07"
546,"2028-06-07"
546,"2028-06-07"
546,"2028-06-07"
96,"2028-06-19"
302,"2028-06-07"
302,"2028-06-07"
302,"2028-06-07"
302,"2028-06-07"
302,"2028-06-07"
1233,"2028-06-07"
1233,"2028-06-07"
1233,"2028-06-07"
1233,"2028-06-07"
1233,"2028-06-07"
276,"2028-06-07"
276,"2028-06-07"
276,"2028-06-07"
276,"2028-06-07"
276,"2028-06-07"
159,"2028-06-26"
167,"2028-06-26"
218,"2028-06-26"
240,"2028-06-26"
258,"2028-06-26"
339,"2028-06-06"
339,"2028-06-06"
459,"2028-06-06"
459,"2028-06-06"
612,"2028-06-06"
612,"2028-06-06"
859,"2028-06-06"
859,"2028-06-06"
339,"2028-06-06"
459,"2028-06-06"
612,"2028-06-06"
859,"2028-06-06"
162,"2028-06-07"
90,"2123-05-15"
302,"2028-06-11"
302,"2028-06-11"
302,"2028-06-11"
302,"2028-06-11"
302,"2028-06-11"
276,"2028-06-07"
276,"2028-06-07"
276,"2028-06-07"
276,"2028-06-07"
276,"2028-06-07"
459,"2028-06-13"
520,"2028-06-13"
764,"2028-06-12"
302,"2028-06-17"
478,"2028-06-17"
478,"2028-06-17"
478,"2028-06-17"
95,"2028-06-18"
95,"2028-06-18"
95,"2028-06-18"
95,"2028-06-18"
273,"2028-06-24"
95,"2028-06-18"
305,"2028-06-24"
331,"2028-06-24"
330,"2028-06-19"
70,"2028-06-21"
78,"2028-06-21"
78,"2028-06-21"
78,"2028-06-21"
653,"2028-06-26"
95,"2028-06-21"
163,"2028-06-21"
575,"2028-06-21"
465,"2028-06-21"
341,"2028-06-21"
105,"2028-07-10"
334,"2028-07-10"
116,"2028-06-27"
189,"2028-06-26"
532,"2028-06-26"
1058,"2028-03-21"
1058,"2028-03-21"
1058,"2028-03-21"
266,"2123-06-05"
309,"2123-06-05"
370,"2123-06-05"
432,"2123-06-05"
221,"2028-07-03"
221,"2028-07-03"
221,"2028-07-03"
221,"2028-07-03"
532,"2028-07-12"
93,"2028-07-05"
121,"2028-07-05"
520,"2028-07-05"
520,"2028-07-05"
639,"2028-07-08"
639,"2028-07-08"
520,"2028-07-05"
639,"2028-07-08"
110,"2028-07-11"
180,"2028-07-11"
204,"2028-07-11"
250,"2028-07-11"
214,"2028-07-11"
276,"2028-07-11"
320,"2028-07-11"
349,"2028-07-11"
579,"2028-07-11"
367,"2028-07-15"
269,"2028-07-29"
409,"2028-07-30"
405,"2028-07-22"
405,"2028-07-22"
405,"2028-07-22"
189,"2028-07-19"
189,"2028-07-19"
149,"2028-07-23"
149,"2028-07-23"
149,"2028-07-23"
149,"2028-07-23"
149,"2028-07-23"
341,"2028-07-22"
341,"2028-07-22"
131,"2028-07-19"
131,"2028-07-19"
975,"2028-07-18"
285,"2028-07-19"
285,"2028-07-19"
405,"2028-07-22"
405,"2028-07-22"
405,"2028-07-22"
704,"2028-07-11"
704,"2028-07-11"
704,"2028-07-11"
704,"2028-07-11"
339,"2028-07-19"
339,"2028-07-19"
555,"2028-07-19"
555,"2028-07-19"
599,"2028-07-19"
599,"2028-07-19"
339,"2028-07-19"
555,"2028-07-19"
599,"2028-07-19"
78,"2028-07-26"
321,"2028-07-26"
327,"2028-07-26"
155,"2028-08-01"
477,"2028-08-06"
358,"2028-08-01"
148,"2028-08-12"
145,"2028-08-19"
327,"2028-08-09"
500,"2028-08-09"
178,"2028-08-08"
412,"2028-08-14"
412,"2028-08-14"
412,"2028-08-14"
390,"2028-09-24"
210,"2028-08-14"
78,"2028-08-15"
372,"2028-08-13"
372,"2028-08-13"
372,"2028-08-13"
372,"2028-08-13"
372,"2028-08-13"
719,"2028-08-20"
780,"2028-08-26"
780,"2028-08-26"
415,"2028-08-26"
299,"2028-08-22"
719,"2028-08-20"
719,"2028-08-20"
780,"2028-08-26"
630,"2028-09-24"
130,"2028-08-26"
320,"2028-09-06"
890,"2028-09-25"
872,"2028-09-04"
210,"2123-08-06"
395,"2028-06-20"
395,"2028-06-20"
338,"2123-08-06"
456,"2123-08-06"
398,"2123-08-06"
173,"2123-08-06"
220,"2123-08-06"
252,"2123-08-06"
305,"2123-08-06"
413,"2123-08-06"
481,"2123-08-06"
60,"2027-10-16"
60,"2027-10-16"
60,"2027-10-16"
181,"2027-05-26"
532,"2028-09-05"
532,"2028-09-05"
532,"2028-09-05"
259,"2027-12-20"
259,"2027-12-20"
259,"2027-12-20"
426,"2027-12-20"
426,"2027-12-20"
426,"2027-12-20"
510,"2027-12-20"
510,"2027-12-20"
510,"2027-12-20"
295,"2027-12-20"
295,"2027-12-20"
295,"2027-12-20"
299,"2027-12-20"
299,"2027-12-20"
299,"2027-12-20"
450,"2028-09-13"
110,"2026-11-17"
110,"2026-11-17"
110,"2026-11-17"
110,"2026-11-17"
110,"2026-11-17"
110,"2026-11-17"
110,"2026-11-17"
110,"2026-11-17"
110,"2026-11-17"
110,"2026-11-17"
110,"2026-11-17"
158,"2028-09-12"
158,"2028-09-12"
158,"2028-09-12"
130,"2028-09-13"
130,"2028-09-13"
130,"2028-09-13"
464,"2028-09-16"
295,"2028-09-12"
295,"2028-09-12"
295,"2028-09-12"
295,"2028-09-12"
295,"2028-09-12"
285,"2028-09-12"
285,"2028-09-12"
285,"2028-09-12"
285,"2028-09-12"
285,"2028-09-12"
459,"2123-08-27"
1122,"2028-09-20"
134,"2028-09-25"
149,"2028-09-24"
181,"2028-09-25"
207,"2028-09-24"
670,"2028-09-24"
581,"2028-03-20"
240,"2028-10-09"
460,"2028-10-11"
130,"2028-10-09"
295,"2028-10-10"
299,"2028-10-11"
108,"2028-11-15"
858,"2028-05-16"
858,"2028-05-16"
395,"2028-10-14"
656,"2028-10-30"
259,"2028-10-28"
463,"2028-10-28"
320,"2028-10-29"
525,"2028-10-28"
210,"2028-10-22"
210,"2028-10-22"
210,"2028-10-22"
158,"2028-10-25"
158,"2028-10-25"
158,"2028-10-25"
682,"2028-11-01"
682,"2028-10-30"
561,"2028-10-30"
470,"2030-03-11"
145,"2028-11-04"
145,"2028-11-04"
145,"2028-11-04"
126,"2123-10-14"
809,"2028-11-06"
809,"2028-11-06"
809,"2028-11-06"
809,"2028-11-06"
809,"2028-11-06"
809,"2028-11-06"
210,"2029-01-17"
210,"2028-12-13"
125,"2028-11-11"
256,"2029-01-01"
352,"2029-01-14"
183,"2028-11-11"
212,"2028-11-21"
108,"2028-11-11"
690,"2028-11-08"
560,"2028-11-15"
212,"2123-10-16"
358,"2028-11-12"
196,"2028-11-18"
310,"2028-11-15"
407,"2028-11-19"
427,"2028-11-29"
576,"2028-11-19"
576,"2028-11-19"
576,"2028-11-19"
105,"2028-11-27"
66,"2029-01-01"
96,"2028-11-28"
398,"2028-11-28"
272,"2028-11-22"
189,"2028-11-18"
189,"2028-11-18"
189,"2028-11-18"
65,"2028-12-19"
65,"2028-12-19"
65,"2028-12-19"
65,"2028-12-19"
65,"2028-12-19"
65,"2028-12-19"
65,"2028-12-19"
65,"2028-12-19"
65,"2028-12-19"
65,"2028-12-19"
1233,"2028-11-28"
1233,"2028-11-28"
1233,"2028-11-28"
1233,"2028-11-28"
1233,"2028-11-28"
1233,"2028-11-28"
985,"2028-12-13"
985,"2028-12-13"
985,"2028-12-13"
773,"2028-12-16"
773,"2028-12-16"
773,"2028-12-16"
247,"2028-12-02"
247,"2028-12-02"
265,"2028-12-02"
338,"2028-12-02"
346,"2028-12-02"
346,"2028-11-29"
400,"2028-12-02"
400,"2028-11-28"
462,"2028-11-28"
85,"2029-04-02"
462,"2028-12-02"
258,"2028-11-29"
258,"2028-12-02"
291,"2028-11-29"
291,"2028-12-02"
368,"2028-11-28"
368,"2028-12-02"
422,"2028-11-29"
422,"2028-12-02"
400,"2028-11-29"
400,"2028-12-02"
539,"2028-11-29"
539,"2028-12-02"
714,"2028-11-29"
714,"2028-12-02"
381,"2028-12-03"
419,"2028-12-13"
419,"2028-12-13"
419,"2028-12-13"
507,"2028-12-13"
507,"2028-12-13"
507,"2028-12-13"
396,"2028-11-29"
475,"2028-12-03"
101,"2028-12-19"
101,"2028-12-19"
101,"2028-12-19"
101,"2028-12-19"
101,"2028-12-19"
101,"2028-12-19"
101,"2028-12-19"
101,"2028-12-19"
101,"2028-12-19"
101,"2028-12-19"
259,"2028-12-20"
470,"2028-05-06"
470,"2028-05-06"
151,"2027-04-21"
151,"2027-04-21"
89,"2028-12-17"
110,"2027-04-21"
110,"2027-04-21"
233,"2028-12-13"
233,"2028-12-13"
233,"2028-12-13"
815,"2123-11-12"
474,"2028-12-20"
547,"2028-12-05"
634,"2028-12-05"
251,"2028-12-06"
320,"2028-12-09"
120,"2029-04-02"
163,"2028-12-10"
163,"2028-12-10"
163,"2028-12-10"
163,"2028-12-10"
163,"2028-12-10"
163,"2028-12-10"
163,"2028-12-10"
67,"2028-12-11"
67,"2028-12-11"
67,"2028-12-11"
67,"2028-12-11"
67,"2028-12-11"
67,"2028-12-11"
937,"2028-12-13"
937,"2028-12-13"
937,"2028-12-13"
412,"2028-12-16"
412,"2028-12-16"
412,"2028-12-16"
492,"2028-12-13"
492,"2028-12-13"
492,"2028-12-13"
78,"2028-12-19"
101,"2028-12-19"
65,"2028-12-19"
492,"2028-12-13"
492,"2028-12-13"
492,"2028-12-13"
395,"2028-12-12"
955,"2028-12-12"
955,"2028-12-12"
955,"2028-12-12"
236,"2028-12-12"
130,"2028-12-13"
229,"2028-12-13"
412,"2028-11-19"
412,"2028-11-19"
412,"2028-11-19"
412,"2028-11-19"
412,"2028-11-19"
273,"2028-11-19"
273,"2028-11-19"
273,"2028-11-19"
273,"2028-11-19"
273,"2028-11-19"
244,"2028-11-19"
244,"2028-11-19"
244,"2028-11-19"
521,"2028-11-19"
521,"2028-11-19"
521,"2028-11-19"
521,"2028-11-19"
521,"2028-11-19"
317,"2028-11-19"
317,"2028-11-19"
317,"2028-11-19"
317,"2028-11-19"
317,"2028-11-19"
237,"2028-11-19"
237,"2028-11-19"
237,"2028-11-19"
299,"2029-01-08"
299,"2029-01-08"
299,"2029-01-08"
737,"2028-12-19"
838,"2028-12-19"
1076,"2029-01-08"
1076,"2029-01-08"
1076,"2029-01-08"
715,"2029-01-08"
715,"2029-01-08"
715,"2029-01-08"
397,"2029-01-08"
397,"2029-01-08"
397,"2029-01-08"
733,"2029-01-08"
733,"2029-01-08"
733,"2029-01-08"
791,"2029-01-08"
791,"2029-01-08"
791,"2029-01-08"
210,"2028-12-31"
210,"2028-12-31"
210,"2028-12-31"
210,"2028-12-31"
229,"2029-01-02"
229,"2029-01-02"
229,"2029-01-02"
258,"2029-01-09"
269,"2029-01-13"
269,"2029-01-13"
305,"2029-01-09"
305,"2029-01-13"
305,"2029-01-13"
357,"2029-01-09"
357,"2029-01-13"
357,"2029-01-13"
441,"2029-01-13"
441,"2029-01-13"
441,"2029-01-13"
605,"2029-01-15"
605,"2029-01-20"
776,"2029-01-14"
776,"2029-01-31"
776,"2029-01-22"
295,"2029-03-14"
433,"2029-01-20"
459,"2029-01-15"
492,"2029-01-21"
550,"2029-01-15"
754,"2029-01-14"
287,"2029-01-20"
338,"2029-01-21"
338,"2029-01-22"
448,"2029-01-15"
524,"2029-01-20"
565,"2029-01-15"
795,"2029-01-15"
474,"2029-01-01"
131,"2029-01-03"
131,"2029-01-03"
295,"2029-01-22"
433,"2029-01-22"
459,"2029-01-22"
572,"2029-02-10"
572,"2029-02-10"
754,"2029-01-23"
448,"2029-02-04"
524,"2029-01-22"
565,"2029-02-04"
795,"2029-01-22"
492,"2029-01-23"
550,"2029-01-23"
726,"2029-01-09"
726,"2029-01-09"
726,"2029-01-09"
945,"2029-01-09"
945,"2029-01-09"
945,"2029-01-09"
540,"2029-01-09"
540,"2029-01-09"
540,"2029-01-09"
302,"2029-01-09"
302,"2029-01-09"
302,"2029-01-09"
536,"2029-01-09"
536,"2029-01-09"
536,"2029-01-09"
562,"2029-01-09"
562,"2029-01-09"
562,"2029-01-09"
405,"2029-01-09"
405,"2029-01-09"
405,"2029-01-09"
397,"2029-01-09"
397,"2029-01-09"
397,"2029-01-09"
521,"2029-01-09"
521,"2029-01-09"
521,"2029-01-09"
576,"2029-01-16"
576,"2029-01-16"
576,"2029-01-16"
288,"2029-01-15"
339,"2029-01-15"
339,"2029-01-15"
339,"2029-01-15"
1047,"2029-01-16"
1047,"2029-01-16"
1047,"2029-01-16"
412,"2029-01-16"
412,"2029-01-16"
412,"2029-01-16"
401,"2029-01-16"
401,"2029-01-16"
401,"2029-01-16"
343,"2029-01-16"
343,"2029-01-16"
343,"2029-01-16"
437,"2029-01-15"
437,"2029-01-15"
437,"2029-01-15"
565,"2029-01-16"
565,"2029-01-16"
565,"2029-01-16"
697,"2029-01-16"
697,"2029-01-16"
697,"2029-01-16"
806,"2029-01-16"
806,"2029-01-16"
806,"2029-01-16"
258,"2029-02-04"
331,"2029-02-25"
411,"2029-02-04"
528,"2029-02-04"
663,"2029-02-10"
915,"2029-02-10"
565,"2029-02-28"
565,"2029-02-10"
707,"2029-02-10"
707,"2029-02-10"
704,"2029-01-15"
704,"2029-01-15"
704,"2029-01-15"
529,"2029-01-15"
529,"2029-01-15"
529,"2029-01-15"
440,"2029-01-15"
517,"2029-01-15"
653,"2029-01-16"
653,"2029-01-16"
653,"2029-01-16"
788,"2029-01-16"
788,"2029-01-16"
788,"2029-01-16"
76,"2029-03-13"
404,"2029-03-27"
91,"2029-01-16"
317,"2029-01-21"
456,"2029-02-05"
456,"2029-02-05"
456,"2029-02-05"
631,"2029-02-05"
419,"2029-02-04"
503,"2029-02-04"
659,"2029-04-22"
659,"2029-04-22"
464,"2029-04-17"
464,"2029-04-17"
381,"2029-04-18"
381,"2029-04-18"
464,"2029-04-17"
659,"2029-04-22"
210,"2029-01-20"
525,"2029-02-04"
1090,"2029-01-21"
401,"2029-02-04"
401,"2029-02-04"
401,"2029-02-04"
660,"2029-01-21"
478,"2029-02-05"
478,"2029-02-05"
478,"2029-02-05"
845,"2029-01-21"
1237,"2029-02-04"
1237,"2029-02-04"
1237,"2029-02-04"
419,"2029-02-04"
419,"2029-02-04"
419,"2029-02-04"
503,"2029-02-04"
503,"2029-02-04"
503,"2029-02-04"
503,"2029-02-04"
525,"2029-02-04"
525,"2029-02-04"
525,"2029-02-04"
525,"2029-02-04"
205,"2029-01-22"
1002,"2029-01-21"
878,"2029-01-22"
598,"2029-02-04"
598,"2029-02-04"
598,"2029-02-04"
598,"2029-02-04"
94,"2029-01-31"
94,"2029-01-31"
94,"2029-01-31"
94,"2029-01-31"
94,"2029-01-31"
94,"2029-01-31"
270,"2029-02-05"
83,"2029-01-31"
83,"2029-01-31"
83,"2029-01-31"
83,"2029-01-31"
83,"2029-01-31"
83,"2029-01-31"
379,"2029-02-18"
974,"2029-01-29"
554,"2029-01-29"
131,"2029-01-31"
131,"2029-01-31"
131,"2029-01-31"
131,"2029-01-31"
131,"2029-01-31"
131,"2029-01-31"
133,"2029-02-03"
295,"2029-02-04"
811,"2029-02-04"
592,"2029-02-18"
368,"2029-03-21"
368,"2029-03-21"
802,"2029-03-24"
419,"2029-02-04"
448,"2028-12-13"
448,"2028-12-13"
448,"2028-12-13"
448,"2028-12-13"
262,"2028-12-16"
262,"2028-12-16"
262,"2028-12-16"
262,"2028-12-16"
291,"2029-01-15"
291,"2029-01-15"
291,"2029-01-15"
291,"2029-01-15"
291,"2029-01-15"
262,"2029-01-15"
262,"2029-01-15"
262,"2029-01-15"
262,"2029-01-15"
262,"2029-01-15"
357,"2028-12-13"
357,"2028-12-13"
357,"2028-12-13"
357,"2028-12-13"
974,"2029-02-18"
974,"2029-02-18"
974,"2029-02-18"
974,"2029-02-18"
974,"2029-02-18"
974,"2029-02-18"
681,"2029-02-18"
681,"2029-02-18"
681,"2029-02-18"
681,"2029-02-18"
681,"2029-02-18"
681,"2029-02-18"
306,"2028-12-16"
306,"2028-12-16"
306,"2028-12-16"
306,"2028-12-16"
349,"2029-03-27"
214,"2029-03-27"
189,"2029-02-25"
404,"2029-02-25"
538,"2029-02-19"
538,"2029-02-19"
538,"2029-02-19"
538,"2029-02-19"
538,"2029-02-19"
538,"2029-02-19"
1215,"2029-03-11"
1215,"2029-03-11"
1215,"2029-03-11"
376,"2029-02-28"
338,"2029-02-26"
338,"2029-02-26"
338,"2029-02-26"
240,"2029-03-04"
144,"2029-03-14"
300,"2029-03-04"
367,"2029-03-06"
440,"2029-03-04"
515,"2029-03-04"
716,"2029-03-26"
925,"2029-03-19"
940,"2029-03-04"
853,"2029-03-06"
170,"2029-03-04"
200,"2029-03-04"
240,"2029-03-04"
350,"2029-03-04"
460,"2029-03-04"
999,"2029-03-03"
999,"2029-03-03"
999,"2029-03-03"
999,"2029-03-03"
642,"2029-03-13"
795,"2029-03-13"
372,"2029-02-26"
437,"2029-02-28"
630,"2029-03-11"
806,"2029-03-11"
886,"2029-03-11"
802,"2029-03-24"
893,"2029-03-11"
893,"2029-03-11"
349,"2028-09-06"
390,"2029-03-05"
381,"2029-03-06"
440,"2029-03-05"
550,"2029-03-07"
660,"2029-03-05"
890,"2029-03-05"
562,"2029-03-03"
909,"2029-03-05"
247,"2029-03-24"
247,"2029-03-24"
251,"2029-03-24"
335,"2029-03-24"
419,"2029-03-24"
462,"2029-03-24"
94,"2029-03-13"
358,"2029-03-13"
299,"2029-04-02"
76,"2029-04-16"
427,"2029-03-14"
427,"2029-03-14"
427,"2029-03-14"
427,"2029-03-14"
427,"2029-03-14"
560,"2029-03-14"
560,"2029-03-14"
560,"2029-03-14"
560,"2029-03-14"
560,"2029-03-14"
690,"2029-03-14"
690,"2029-03-14"
690,"2029-03-14"
690,"2029-03-14"
690,"2029-03-14"
398,"2029-03-14"
398,"2029-03-14"
398,"2029-03-14"
398,"2029-03-14"
398,"2029-03-14"
468,"2029-04-08"
210,"2029-04-08"
194,"2029-03-18"
404,"2029-03-19"
251,"2029-04-02"
262,"2029-04-02"
291,"2029-04-02"
419,"2029-04-02"
503,"2029-04-02"
400,"2029-03-21"
550,"2029-03-21"
525,"2029-04-02"
67,"2029-03-21"
291,"2029-04-02"
291,"2029-04-02"
291,"2029-04-02"
328,"2029-04-02"
328,"2029-04-02"
328,"2029-04-02"
463,"2029-04-02"
463,"2029-04-02"
463,"2029-04-02"
105,"2029-03-21"
52,"2029-04-10"
59,"2029-03-21"
95,"2029-03-27"
284,"2029-03-24"
284,"2029-03-24"
284,"2029-03-24"
284,"2029-03-24"
284,"2029-03-24"
371,"2029-03-24"
371,"2029-03-24"
371,"2029-03-24"
371,"2029-03-24"
371,"2029-03-24"
488,"2029-03-24"
488,"2029-03-24"
488,"2029-03-24"
488,"2029-03-24"
488,"2029-03-24"
302,"2029-03-24"
302,"2029-03-24"
302,"2029-03-24"
302,"2029-03-24"
302,"2029-03-24"
104,"2029-03-25"
104,"2029-03-25"
104,"2029-03-25"
104,"2029-03-25"
104,"2029-03-25"
343,"2029-04-03"
148,"2029-03-25"
148,"2029-03-25"
148,"2029-03-25"
148,"2029-03-25"
148,"2029-03-25"
214,"2029-03-25"
214,"2029-03-25"
214,"2029-03-25"
214,"2029-03-25"
214,"2029-03-25"
284,"2029-03-24"
371,"2029-03-24"
488,"2029-03-24"
302,"2029-03-24"
214,"2029-03-25"
148,"2029-03-25"
104,"2029-03-25"
407,"2028-09-24"
301,"2028-09-24"
532,"2029-04-01"
532,"2029-04-01"
532,"2029-04-01"
532,"2029-04-01"
532,"2029-04-01"
532,"2029-04-01"
145,"2029-04-04"
242,"2029-03-27"
254,"2029-03-27"
269,"2029-03-27"
369,"2029-03-27"
389,"2029-03-27"
599,"2029-03-27"
532,"2029-04-01"
58,"2029-04-01"
198,"2029-04-08"
251,"2029-01-16"
251,"2029-01-16"
251,"2029-01-16"
251,"2029-01-16"
379,"2029-01-15"
379,"2029-01-15"
379,"2029-01-15"
1190,"2124-03-12"
415,"2029-04-18"
240,"2029-04-09"
92,"2029-04-09"
481,"2029-04-10"
2652,"2029-05-30"
116,"2029-04-10"
180,"2028-04-24"
180,"2028-04-24"
648,"2029-04-18"
82,"2029-05-20"
829,"2029-04-18"
829,"2029-04-18"
829,"2029-04-18"
422,"2029-04-25"
107,"2029-04-21"
370,"2029-04-28"
483,"2029-04-29"
101,"2029-02-04"
101,"2029-02-04"
101,"2029-02-04"
211,"2029-05-20"
208,"2029-04-28"
173,"2029-05-07"
131,"2029-05-08"
609,"2029-05-07"
609,"2029-05-07"
609,"2029-05-07"
609,"2029-05-07"
609,"2029-05-07"
609,"2029-05-07"
125,"2029-05-07"
271,"2124-04-08"
311,"2124-04-09"
380,"2124-04-09"
515,"2124-04-09"
450,"2124-04-09"
538,"2124-04-09"
625,"2124-04-09"
90,"2029-05-08"
379,"2029-05-07"
331,"2029-05-12"
331,"2029-05-12"
331,"2029-05-12"
331,"2029-05-12"
331,"2029-05-12"
331,"2029-05-12"
1284,"2029-05-22"
339,"2029-05-27"
339,"2029-05-27"
416,"2029-05-29"
416,"2029-05-29"
547,"2029-05-27"
547,"2029-05-27"
780,"2029-05-29"
780,"2029-05-29"
339,"2029-05-27"
416,"2029-05-29"
547,"2029-05-27"
780,"2029-05-29"
229,"2029-05-27"
229,"2029-05-27"
227,"2029-05-27"
227,"2029-05-27"
239,"2029-05-27"
239,"2029-05-27"
369,"2029-05-29"
369,"2029-05-29"
489,"2029-05-27"
489,"2029-05-27"
696,"2029-05-29"
696,"2029-05-29"
1178,"2029-06-02"
1178,"2029-06-02"
1178,"2029-06-02"
72,"2029-06-17"
116,"2029-06-06"
378,"2029-05-22"
378,"2029-05-22"
378,"2029-05-22"
378,"2029-05-22"
378,"2029-05-22"
378,"2029-05-22"
56,"2029-05-23"
750,"2029-06-02"
62,"2029-05-26"
229,"2029-05-27"
227,"2029-05-27"
369,"2029-05-29"
696,"2029-05-29"
426,"2029-05-27"
639,"2029-05-27"
683,"2029-05-29"
969,"2029-05-27"
1070,"2029-05-29"
400,"2029-05-27"
239,"2029-05-27"
980,"2029-06-11"
375,"2029-05-30"
375,"2029-05-30"
375,"2029-05-30"
375,"2029-05-30"
315,"2029-06-05"
722,"2029-06-11"
425,"2029-06-04"
425,"2029-06-04"
425,"2029-06-04"
425,"2029-06-04"
425,"2029-06-04"
425,"2029-06-04"
145,"2029-06-11"
145,"2029-06-11"
145,"2029-06-11"
145,"2029-06-11"
395,"2029-06-04"
395,"2029-06-04"
395,"2029-06-04"
395,"2029-06-04"
395,"2029-06-04"
395,"2029-06-04"
580,"2029-06-04"
580,"2029-06-04"
580,"2029-06-04"
580,"2029-06-04"
580,"2029-06-04"
580,"2029-06-04"
680,"2029-06-16"
680,"2029-06-16"
680,"2029-06-16"
680,"2029-06-16"
680,"2029-06-16"
680,"2029-06-16"
205,"2029-06-11"
205,"2029-06-11"
205,"2029-06-11"
205,"2029-06-11"
459,"2029-06-05"
459,"2029-06-05"
459,"2029-06-05"
459,"2029-06-05"
459,"2029-06-05"
459,"2029-06-05"
145,"2029-06-11"
205,"2029-06-11"
247,"2029-06-06"
1233,"2029-06-12"
833,"2029-06-16"
605,"2029-06-13"
490,"2029-07-02"
442,"2124-05-24"
319,"2124-05-24"
236,"2124-05-24"
151,"2124-05-24"
125,"2124-05-24"
378,"2029-06-16"
378,"2029-06-16"
378,"2029-06-16"
378,"2029-06-16"
378,"2029-06-16"
378,"2029-06-16"
680,"2029-06-16"
198,"2029-06-18"
93,"2029-06-19"
121,"2029-06-18"
93,"2029-06-19"
121,"2029-06-18"
121,"2029-06-18"
999,"2029-06-19"
720,"2029-06-19"
1079,"2029-06-19"
569,"2029-06-20"
125,"2029-06-23"
299,"2029-06-27"
130,"2029-06-23"
296,"2124-05-31"
380,"2124-05-31"
262,"2029-06-25"
262,"2029-06-25"
262,"2029-06-25"
306,"2029-06-26"
306,"2029-06-26"
306,"2029-06-26"
446,"2124-05-31"
357,"2029-06-26"
357,"2029-06-26"
357,"2029-06-26"
448,"2029-06-25"
448,"2029-06-25"
448,"2029-06-25"
598,"2029-06-25"
715,"2029-06-25"
576,"2029-07-24"
1090,"2029-07-01"
1090,"2029-07-01"
1090,"2029-07-01"
1090,"2029-07-01"
1090,"2029-07-01"
269,"2029-07-09"
258,"2029-07-10"
305,"2029-07-10"
305,"2029-07-09"
357,"2029-07-09"
357,"2029-07-10"
441,"2029-07-10"
441,"2029-07-10"
605,"2029-07-09"
605,"2029-07-09"
776,"2029-07-10"
776,"2029-07-09"
610,"2029-07-03"
600,"2029-07-03"
530,"2029-07-03"
176,"2029-07-04"
119,"2029-07-07"
276,"2029-09-19"
404,"2028-09-06"
404,"2028-09-06"
1497,"2029-07-09"
1497,"2029-07-09"
1497,"2029-07-09"
1497,"2029-07-09"
1497,"2029-07-09"
1497,"2029-07-09"
1497,"2029-07-09"
579,"2029-07-28"
579,"2029-07-28"
579,"2029-07-28"
579,"2029-07-28"
579,"2029-07-28"
538,"2029-07-22"
538,"2029-07-22"
538,"2029-07-22"
538,"2029-07-22"
538,"2029-07-22"
340,"2029-07-24"
340,"2029-07-24"
465,"2029-07-24"
840,"2029-03-04"
430,"2029-07-29"
430,"2029-07-29"
430,"2029-07-29"
97,"2029-07-29"
137,"2029-07-29"
639,"2029-06-19"
639,"2029-06-19"
639,"2029-06-19"
73,"2030-03-30"
73,"2030-03-30"
73,"2030-03-30"
134,"2029-08-08"
149,"2029-08-08"
181,"2029-08-08"
207,"2029-08-08"
600,"2029-08-08"
500,"2029-08-08"
425,"2029-08-08"
372,"2029-08-08"
166,"2029-08-27"
1434,"2029-08-08"
1434,"2029-08-08"
1434,"2029-08-08"
1434,"2029-08-08"
1434,"2029-08-08"
1434,"2029-08-08"
304,"2124-07-28"
145,"2029-08-20"
643,"2029-09-02"
643,"2029-09-02"
643,"2029-09-02"
400,"2029-08-27"
550,"2029-08-27"
74,"2029-08-28"
74,"2029-08-28"
92,"2029-08-28"
92,"2029-08-28"
74,"2029-08-28"
92,"2029-08-28"
101,"2029-09-10"
643,"2029-09-02"
868,"2029-09-02"
868,"2029-09-02"
868,"2029-09-02"
868,"2029-09-02"
152,"2029-09-05"
152,"2029-09-05"
152,"2029-09-05"
152,"2029-09-05"
140,"2029-09-17"
102,"2029-10-21"
210,"2029-09-19"
1117,"2029-09-22"
1117,"2029-09-22"
1117,"2029-09-22"
1117,"2029-09-22"
1117,"2029-09-22"
172,"2029-10-31"
379,"2029-09-29"
540,"2028-09-06"
540,"2028-09-06"
172,"2029-10-31"
172,"2029-10-31"
256,"2029-07-23"
256,"2029-07-23"
256,"2029-07-23"
106,"2029-10-08"
145,"2029-10-28"
152,"2029-10-28"
850,"2029-10-14"
379,"2030-03-16"
95,"2029-10-12"
95,"2029-10-12"
95,"2029-10-12"
95,"2029-10-12"
95,"2029-10-12"
131,"2029-10-12"
131,"2029-10-12"
131,"2029-10-12"
131,"2029-10-12"
131,"2029-10-12"
342,"2124-09-29"
433,"2029-10-16"
150,"2029-10-14"
463,"2029-10-17"
106,"2029-10-16"
488,"2029-10-17"
69,"2029-10-16"
411,"2029-10-17"
371,"2029-10-15"
371,"2029-10-15"
371,"2029-10-15"
371,"2029-10-15"
371,"2029-10-15"
371,"2029-10-15"
386,"2029-10-17"
608,"2029-10-15"
608,"2029-10-15"
470,"2029-10-20"
327,"2124-09-29"
431,"2124-09-29"
645,"2029-10-22"
1215,"2029-10-31"
397,"2029-10-22"
439,"2029-10-24"
576,"2030-03-19"
58,"2029-11-05"
76,"2029-11-28"
76,"2029-11-28"
76,"2029-11-28"
76,"2029-11-28"
76,"2029-11-28"
561,"2029-11-28"
102,"2029-11-07"
101,"2029-11-11"
172,"2029-11-11"
256,"2029-11-11"
340,"2029-12-10"
397,"2029-11-12"
131,"2029-11-28"
125,"2029-12-12"
131,"2029-12-04"
159,"2029-11-28"
335,"2030-01-20"
335,"2030-01-20"
335,"2030-01-20"
426,"2030-01-20"
426,"2030-01-20"
426,"2030-01-20"
375,"2030-01-21"
375,"2030-01-21"
375,"2030-01-21"
250,"2029-11-20"
540,"2029-11-25"
540,"2029-11-25"
540,"2029-11-25"
540,"2029-11-25"
1670,"2029-11-24"
1670,"2029-11-24"
1670,"2029-11-24"
1670,"2029-11-24"
280,"2029-11-20"
400,"2029-11-24"
776,"2029-12-08"
776,"2029-12-08"
371,"2029-12-08"
371,"2029-12-08"
353,"2029-12-08"
353,"2029-12-08"
455,"2029-12-08"
455,"2029-12-08"
597,"2029-12-10"
597,"2029-12-08"
692,"2029-12-10"
692,"2029-12-08"
68,"2029-11-25"
270,"2124-11-01"
450,"2124-11-01"
608,"2029-11-24"
78,"2030-07-21"
341,"2029-12-03"
381,"2029-12-03"
284,"2029-12-11"
251,"2029-12-02"
251,"2029-12-02"
280,"2029-12-08"
280,"2029-12-08"
324,"2029-12-10"
324,"2029-12-08"
389,"2029-12-10"
389,"2029-12-08"
189,"2029-12-11"
167,"2029-12-08"
204,"2029-12-11"
145,"2029-12-08"
240,"2029-12-08"
240,"2029-12-10"
561,"2029-12-08"
561,"2029-12-10"
302,"2029-12-08"
302,"2029-12-08"
386,"2029-12-08"
386,"2029-12-08"
270,"2030-01-01"
798,"2029-12-18"
433,"2029-12-15"
433,"2029-12-15"
360,"2030-01-01"
360,"2030-01-01"
605,"2030-01-01"
605,"2030-01-01"
389,"2030-01-01"
389,"2030-01-01"
389,"2030-01-01"
484,"2030-01-02"
331,"2030-03-10"
550,"2030-03-10"
484,"2030-01-01"
273,"2030-01-01"
258,"2030-01-01"
258,"2030-01-01"
236,"2030-01-01"
236,"2030-01-01"
305,"2030-01-01"
305,"2030-01-01"
338,"2030-01-01"
338,"2030-01-01"
302,"2030-01-01"
302,"2030-01-01"
375,"2029-12-18"
404,"2029-12-18"
182,"2030-01-14"
68,"2029-12-15"
320,"2029-12-18"
450,"2029-12-17"
580,"2029-12-18"
131,"2030-01-07"
422,"2030-01-05"
422,"2030-01-05"
495,"2030-01-05"
495,"2030-01-05"
338,"2030-01-05"
360,"2030-01-05"
484,"2030-01-05"
251,"2030-01-05"
506,"2030-01-05"
506,"2030-01-05"
667,"2030-01-01"
462,"2030-01-01"
963,"2030-01-01"
110,"2030-01-06"
163,"2030-01-07"
247,"2030-01-06"
247,"2030-01-06"
247,"2030-01-06"
247,"2030-01-06"
448,"2030-01-07"
448,"2030-01-07"
448,"2030-01-07"
448,"2030-01-07"
448,"2030-01-07"
247,"2030-01-06"
466,"2030-01-06"
466,"2030-01-06"
466,"2030-01-06"
690,"2030-01-07"
298,"2030-01-05"
389,"2030-01-05"
692,"2030-01-05"
692,"2030-01-05"
425,"2030-01-28"
353,"2030-01-29"
755,"2030-01-28"
768,"2030-01-29"
380,"2030-01-28"
460,"2030-01-29"
600,"2030-01-28"
768,"2030-01-29"
186,"2030-01-12"
130,"2028-05-22"
414,"2030-01-08"
556,"2030-01-09"
811,"2030-01-12"
811,"2030-01-12"
515,"2030-01-30"
515,"2030-01-30"
561,"2030-01-30"
561,"2030-01-30"
685,"2030-01-30"
685,"2030-01-30"
210,"2030-01-14"
210,"2030-01-14"
349,"2028-09-06"
349,"2028-09-06"
349,"2030-01-21"
376,"2030-01-22"
376,"2030-01-22"
908,"2030-01-14"
908,"2030-01-14"
908,"2030-01-14"
700,"2030-03-10"
259,"2030-01-14"
259,"2030-01-14"
259,"2030-01-14"
408,"2030-01-14"
408,"2030-01-14"
408,"2030-01-14"
291,"2030-01-14"
401,"2030-01-14"
401,"2030-01-14"
401,"2030-01-14"
224,"2030-01-22"
791,"2030-01-14"
507,"2030-01-14"
170,"2030-02-19"
371,"2030-02-19"
580,"2030-01-22"
541,"2030-02-19"
149,"2030-04-21"
224,"2030-01-22"
116,"2124-12-24"
162,"2124-12-24"
258,"2030-01-30"
305,"2030-01-30"
338,"2030-01-30"
514,"2030-01-30"
514,"2030-01-30"
284,"2030-03-10"
245,"2030-03-10"
565,"2030-01-22"
565,"2030-01-22"
565,"2030-01-22"
383,"2030-01-22"
101,"2030-03-16"
824,"2030-01-22"
401,"2030-01-22"
401,"2030-01-22"
401,"2030-01-22"
381,"2030-01-21"
416,"2030-01-21"
474,"2030-01-22"
532,"2030-01-22"
638,"2030-01-22"
405,"2030-01-22"
405,"2030-01-22"
405,"2030-01-22"
217,"2030-01-23"
263,"2030-01-23"
338,"2030-01-23"
196,"2030-01-27"
270,"2030-03-23"
722,"2030-01-27"
1163,"2030-01-27"
719,"2030-01-23"
667,"2030-01-30"
258,"2030-01-30"
654,"2030-01-30"
797,"2030-01-23"
654,"2030-01-30"
785,"2030-01-30"
785,"2030-01-30"
248,"2030-02-02"
229,"2030-01-30"
229,"2030-01-30"
229,"2030-01-30"
394,"2030-02-02"
394,"2030-02-02"
394,"2030-02-02"
518,"2030-02-02"
518,"2030-02-02"
518,"2030-02-02"
503,"2030-01-30"
503,"2030-01-30"
503,"2030-01-30"
558,"2030-02-02"
558,"2030-02-02"
558,"2030-02-02"
510,"2030-01-28"
572,"2030-02-02"
572,"2030-02-02"
572,"2030-02-02"
992,"2030-02-02"
992,"2030-02-02"
992,"2030-02-02"
554,"2030-01-30"
554,"2030-01-30"
554,"2030-01-30"
791,"2030-02-02"
791,"2030-02-02"
791,"2030-02-02"
682,"2030-01-30"
729,"2030-02-02"
729,"2030-02-02"
729,"2030-02-02"
1047,"2030-02-02"
1047,"2030-02-02"
1047,"2030-02-02"
773,"2030-01-30"
773,"2030-01-30"
773,"2030-01-30"
886,"2030-01-30"
886,"2030-01-30"
886,"2030-01-30"
320,"2030-03-11"
220,"2030-03-10"
835,"2030-02-20"
835,"2030-02-20"
926,"2030-02-20"
926,"2030-02-20"
255,"2030-02-09"
255,"2030-02-09"
255,"2030-02-09"
255,"2030-02-09"
565,"2030-02-09"
565,"2030-02-09"
565,"2030-02-09"
565,"2030-02-06"
565,"2030-02-06"
565,"2030-02-06"
908,"2030-02-06"
718,"2030-02-06"
718,"2030-02-06"
718,"2030-02-06"
718,"2030-02-06"
664,"2030-02-06"
664,"2030-02-06"
664,"2030-02-06"
664,"2030-02-06"
448,"2030-02-06"
448,"2030-02-06"
448,"2030-02-06"
448,"2030-02-06"
291,"2030-02-06"
291,"2030-02-06"
291,"2030-02-06"
291,"2030-02-06"
277,"2030-02-06"
277,"2030-02-06"
277,"2030-02-06"
277,"2030-02-06"
251,"2030-02-06"
251,"2030-02-06"
251,"2030-02-06"
251,"2030-02-06"
1306,"2030-02-12"
394,"2030-02-25"
394,"2030-02-25"
394,"2030-02-25"
368,"2030-02-25"
368,"2030-02-25"
368,"2030-02-25"
748,"2030-02-24"
748,"2030-02-24"
748,"2030-02-24"
908,"2030-02-25"
908,"2030-02-25"
908,"2030-02-25"
952,"2030-02-20"
952,"2030-02-20"
408,"2030-02-25"
408,"2030-02-25"
408,"2030-02-25"
76,"2030-02-17"
514,"2030-02-25"
514,"2030-02-25"
514,"2030-02-25"
609,"2030-02-24"
609,"2030-02-24"
609,"2030-02-24"
773,"2030-02-24"
773,"2030-02-24"
773,"2030-02-24"
339,"2030-02-24"
339,"2030-02-24"
339,"2030-02-24"
562,"2030-02-25"
693,"2030-02-25"
693,"2030-02-25"
693,"2030-02-25"
806,"2030-02-25"
806,"2030-02-25"
806,"2030-02-25"
284,"2030-02-24"
284,"2030-02-24"
284,"2030-02-24"
59,"2030-02-20"
60,"2030-02-19"
310,"2030-02-25"
310,"2030-02-25"
310,"2030-02-25"
310,"2030-02-25"
310,"2030-02-25"
310,"2030-02-25"
310,"2030-02-25"
430,"2030-02-24"
430,"2030-02-24"
430,"2030-02-24"
430,"2030-02-24"
430,"2030-02-24"
430,"2030-02-24"
1208,"2030-02-25"
1208,"2030-02-25"
1208,"2030-02-25"
525,"2030-02-24"
525,"2030-02-24"
525,"2030-02-24"
525,"2030-02-24"
525,"2030-02-24"
525,"2030-02-24"
686,"2030-02-25"
686,"2030-02-25"
686,"2030-02-25"
686,"2030-02-25"
686,"2030-02-25"
686,"2030-02-25"
686,"2030-02-25"
1032,"2030-02-24"
1032,"2030-02-24"
1032,"2030-02-24"
258,"2030-02-20"
334,"2030-02-24"
297,"2030-02-25"
568,"2030-02-24"
242,"2030-02-25"
502,"2030-02-24"
422,"2030-02-25"
251,"2030-02-20"
389,"2030-02-20"
391,"2030-02-25"
391,"2030-02-25"
391,"2030-02-25"
391,"2030-02-25"
391,"2030-02-25"
391,"2030-02-25"
391,"2030-02-25"
391,"2030-02-25"
391,"2030-02-25"
415,"2030-02-25"
415,"2030-02-25"
415,"2030-02-25"
415,"2030-02-25"
415,"2030-02-25"
415,"2030-02-25"
415,"2030-02-25"
415,"2030-02-25"
415,"2030-02-25"
415,"2030-02-25"
650,"2030-02-25"
650,"2030-02-25"
650,"2030-02-25"
650,"2030-02-25"
650,"2030-02-25"
650,"2030-02-25"
650,"2030-02-25"
650,"2030-02-25"
650,"2030-02-25"
650,"2030-02-25"
740,"2030-02-25"
740,"2030-02-25"
740,"2030-02-25"
740,"2030-02-25"
740,"2030-02-25"
740,"2030-02-25"
740,"2030-02-25"
740,"2030-02-25"
740,"2030-02-25"
740,"2030-02-25"
1201,"2030-02-26"
1201,"2030-02-26"
1201,"2030-02-26"
1201,"2030-02-26"
1201,"2030-02-26"
1201,"2030-02-26"
1201,"2030-02-26"
1201,"2030-02-26"
1201,"2030-02-26"
1201,"2030-02-26"
172,"2030-02-20"
1043,"2030-02-25"
1043,"2030-02-25"
1043,"2030-02-25"
412,"2030-02-24"
412,"2030-02-24"
412,"2030-02-24"
481,"2030-02-24"
481,"2030-02-24"
481,"2030-02-24"
653,"2030-02-25"
653,"2030-02-25"
653,"2030-02-25"
806,"2030-02-24"
806,"2030-02-24"
806,"2030-02-24"
430,"2030-02-24"
525,"2030-02-24"
391,"2030-02-25"
391,"2030-02-25"
415,"2030-02-25"
650,"2030-02-25"
740,"2030-02-25"
1201,"2030-02-26"
826,"2030-03-10"
450,"2030-04-07"
547,"2030-04-07"
750,"2030-04-07"
769,"2030-04-07"
554,"2030-03-03"
554,"2030-03-03"
460,"2030-03-10"
186,"2028-07-23"
186,"2028-07-23"
284,"2030-03-11"
258,"2030-03-05"
433,"2030-03-13"
85,"2030-03-12"
85,"2030-03-12"
85,"2030-03-12"
85,"2030-03-12"
678,"2030-03-12"
678,"2030-03-12"
678,"2030-03-12"
678,"2030-03-12"
678,"2030-03-12"
678,"2030-03-12"
678,"2030-03-12"
806,"2030-03-10"
806,"2030-03-10"
806,"2030-03-10"
806,"2030-03-10"
806,"2030-03-10"
806,"2030-03-10"
806,"2030-03-10"
121,"2030-03-17"
121,"2030-03-17"
89,"2030-03-17"
89,"2030-03-17"
89,"2030-03-17"
203,"2030-04-08"
203,"2030-04-08"
239,"2030-04-09"
239,"2030-04-09"
259,"2030-04-08"
259,"2030-04-08"
399,"2030-04-09"
399,"2030-04-09"
479,"2030-04-13"
479,"2030-04-13"
479,"2030-04-13"
698,"2030-04-14"
698,"2030-04-14"
465,"2030-04-01"
465,"2030-04-01"
579,"2030-04-02"
579,"2030-04-02"
759,"2030-04-03"
759,"2030-04-03"
888,"2030-04-01"
888,"2030-04-01"
952,"2030-03-10"
952,"2030-03-10"
952,"2030-03-10"
952,"2030-03-10"
952,"2030-03-10"
952,"2030-03-10"
952,"2030-03-10"
85,"2030-03-12"
121,"2030-03-17"
194,"2030-03-17"
194,"2030-03-17"
194,"2030-03-17"
194,"2030-03-17"
466,"2030-03-17"
466,"2030-03-17"
466,"2030-03-17"
466,"2030-03-17"
466,"2030-03-17"
640,"2030-03-17"
640,"2030-03-17"
640,"2030-03-17"
640,"2030-03-17"
448,"2030-03-17"
448,"2030-03-17"
448,"2030-03-17"
448,"2030-03-17"
127,"2030-03-19"
320,"2030-05-01"
123,"2030-05-05"
532,"2030-03-19"
251,"2030-03-20"
251,"2030-03-20"
251,"2030-03-20"
251,"2030-03-20"
251,"2030-03-20"
291,"2030-03-20"
291,"2030-03-20"
291,"2030-03-20"
291,"2030-03-20"
291,"2030-03-20"
800,"2030-03-17"
338,"2030-03-27"
338,"2030-03-27"
433,"2030-03-27"
433,"2030-03-27"
305,"2030-03-25"
416,"2030-03-24"
489,"2030-03-24"
688,"2030-03-24"
416,"2030-03-27"
416,"2030-03-27"
416,"2030-03-27"
493,"2030-03-30"
499,"2030-03-26"
391,"2030-04-03"
485,"2030-06-15"
499,"2030-02-25"
499,"2030-02-25"
499,"2030-02-25"
499,"2030-02-25"
499,"2030-02-25"
499,"2030-02-25"
416,"2030-02-24"
416,"2030-02-24"
416,"2030-02-24"
416,"2030-02-24"
416,"2030-02-24"
416,"2030-02-24"
291,"2030-02-24"
291,"2030-02-24"
291,"2030-02-24"
291,"2030-02-24"
291,"2030-02-24"
291,"2030-02-24"
251,"2030-02-25"
251,"2030-02-25"
251,"2030-02-25"
251,"2030-02-25"
251,"2030-02-25"
251,"2030-02-25"
262,"2030-02-24"
262,"2030-02-24"
262,"2030-02-24"
262,"2030-02-24"
262,"2030-02-24"
262,"2030-02-24"
521,"2030-02-24"
521,"2030-02-24"
521,"2030-02-24"
521,"2030-02-24"
521,"2030-02-24"
521,"2030-02-24"
175,"2030-04-01"
205,"2030-04-02"
261,"2030-04-01"
320,"2030-04-02"
400,"2030-04-01"
379,"2030-04-01"
379,"2030-04-01"
379,"2030-04-01"
465,"2030-04-01"
280,"2030-03-31"
759,"2030-04-03"
888,"2030-04-01"
579,"2030-04-02"
1310,"2030-04-07"
1310,"2030-04-07"
1310,"2030-04-07"
247,"2030-04-14"
247,"2030-04-14"
247,"2030-04-14"
247,"2030-04-14"
203,"2030-04-08"
239,"2030-04-09"
259,"2030-04-08"
399,"2030-04-09"
698,"2030-04-14"
980,"2030-05-08"
1100,"2030-04-09"
150,"2030-06-10"
130,"2030-05-08"
140,"2030-05-08"
260,"2030-04-10"
112,"2030-04-22"
416,"2030-04-13"
416,"2030-04-13"
489,"2030-04-14"
489,"2030-04-14"
698,"2030-04-13"
698,"2030-04-13"
955,"2030-04-14"
955,"2030-04-14"
416,"2030-04-13"
489,"2030-04-14"
698,"2030-04-13"
955,"2030-04-14"
863,"2030-04-16"
863,"2030-04-16"
863,"2030-04-16"
863,"2030-04-16"
224,"2030-04-21"
134,"2030-04-23"
134,"2030-04-23"
81,"2030-04-27"
520,"2030-04-23"
520,"2030-04-23"
679,"2030-04-23"
780,"2030-04-23"
520,"2030-04-23"
679,"2030-04-23"
679,"2030-04-23"
780,"2030-04-23"
780,"2030-04-23"
605,"2030-04-27"
605,"2030-04-27"
532,"2030-04-23"
357,"2030-07-17"
90,"2030-04-27"
520,"2030-05-14"
548,"2030-05-14"
666,"2030-05-14"
90,"2030-04-27"
542,"2030-04-27"
542,"2030-04-27"
542,"2030-04-27"
542,"2030-04-27"
531,"2030-05-21"
531,"2030-05-21"
531,"2030-05-21"
531,"2030-05-21"
135,"2030-05-12"
436,"2030-05-21"
436,"2030-05-21"
436,"2030-05-21"
436,"2030-05-21"
436,"2030-05-21"
304,"2030-05-12"
304,"2030-05-12"
304,"2030-05-12"
531,"2030-05-21"
140,"2030-05-12"
112,"2030-05-11"
378,"2030-05-21"
378,"2030-05-21"
378,"2030-05-21"
378,"2030-05-21"
378,"2030-05-21"
59,"2030-05-12"
60,"2030-04-29"
331,"2030-05-05"
152,"2030-05-05"
112,"2030-05-05"
520,"2030-05-05"
371,"2030-05-08"
148,"2030-05-05"
316,"2125-04-11"
406,"2125-04-11"
413,"2125-04-11"
506,"2125-04-11"
397,"2030-05-05"
152,"2030-05-05"
259,"2030-06-18"
321,"2030-06-18"
345,"2030-06-18"
624,"2030-06-18"
441,"2030-05-21"
441,"2030-05-21"
441,"2030-05-21"
441,"2030-05-21"
441,"2030-05-21"
116,"2030-05-21"
116,"2030-05-21"
116,"2030-05-21"
116,"2030-05-21"
116,"2030-05-21"
116,"2030-05-21"
1350,"2030-05-11"
422,"2030-05-11"
422,"2030-05-11"
422,"2030-05-11"
422,"2030-05-11"
448,"2030-05-09"
448,"2030-05-09"
448,"2030-05-09"
448,"2030-05-09"
130,"2030-05-09"
140,"2030-05-11"
89,"2125-04-27"
145,"2125-04-27"
251,"2030-05-14"
262,"2030-05-14"
291,"2030-05-14"
212,"2030-05-13"
260,"2030-05-12"
730,"2030-05-12"
220,"2030-07-01"
300,"2030-06-22"
285,"2030-05-21"
285,"2030-05-21"
399,"2030-05-14"
399,"2030-05-14"
439,"2030-05-14"
439,"2030-05-14"
539,"2030-05-14"
539,"2030-05-14"
618,"2030-05-27"
618,"2030-05-27"
988,"2030-05-14"
988,"2030-05-14"
489,"2030-05-14"
489,"2030-05-14"
285,"2030-05-21"
489,"2030-05-14"
416,"2030-05-14"
499,"2030-05-14"
521,"2030-05-14"
399,"2030-05-14"
439,"2030-05-14"
539,"2030-05-14"
618,"2030-05-27"
988,"2030-05-14"
338,"2125-04-27"
388,"2125-04-27"
413,"2125-05-20"
553,"2125-05-20"
590,"2030-05-27"
490,"2030-05-14"
244,"2030-05-19"
270,"2030-05-19"
299,"2030-05-19"
379,"2030-05-19"
514,"2030-05-19"
602,"2030-05-19"
214,"2030-05-25"
300,"2030-06-22"
300,"2030-06-22"
390,"2030-06-22"
390,"2030-06-22"
495,"2030-06-22"
495,"2030-06-22"
390,"2030-06-22"
495,"2030-06-22"
265,"2030-05-25"
295,"2030-05-25"
543,"2030-05-25"
112,"2030-05-25"
170,"2030-06-11"
196,"2030-06-11"
200,"2030-06-11"
247,"2030-06-11"
615,"2030-08-06"
450,"2030-05-27"
137,"2030-06-04"
269,"2030-06-09"
269,"2030-06-09"
269,"2030-06-09"
634,"2030-06-09"
634,"2030-06-09"
634,"2030-06-09"
634,"2030-06-09"
304,"2030-06-04"
173,"2030-06-04"
465,"2030-06-04"
269,"2030-06-09"
83,"2030-06-22"
1565,"2030-06-11"
1565,"2030-06-11"
1565,"2030-06-11"
83,"2030-06-22"
200,"2030-07-01"
131,"2030-06-19"
185,"2030-06-17"
134,"2029-12-04"
134,"2029-12-04"
134,"2029-12-04"
134,"2029-12-04"
134,"2029-12-04"
229,"2030-07-13"
229,"2030-07-13"
127,"2030-06-23"
740,"2030-06-18"
530,"2030-06-18"
228,"2030-06-18"
83,"2030-06-22"
83,"2030-06-22"
83,"2030-06-22"
83,"2030-06-22"
83,"2030-06-22"
83,"2030-06-22"
83,"2030-06-22"
131,"2030-06-19"
131,"2030-06-19"
131,"2030-06-19"
131,"2030-06-19"
88,"2030-07-02"
127,"2030-06-23"
427,"2030-06-23"
427,"2030-06-23"
427,"2030-06-23"
427,"2030-06-23"
427,"2030-06-23"
651,"2030-06-23"
651,"2030-06-23"
651,"2030-06-23"
651,"2030-06-23"
651,"2030-06-23"
222,"2125-06-14"
255,"2125-06-14"
304,"2125-06-14"
547,"2125-06-21"
415,"2125-06-14"
390,"2125-06-21"
230,"2030-07-06"
184,"2030-07-02"
194,"2030-08-19"
1028,"2030-08-19"
1028,"2030-08-19"
1058,"2030-08-19"
1058,"2030-08-19"
1028,"2030-08-19"
1058,"2030-08-19"
1148,"2030-08-20"
1148,"2030-08-20"
1148,"2030-08-20"
462,"2030-07-13"
451,"2030-07-06"
300,"2030-07-07"
485,"2030-07-08"
220,"2030-07-08"
150,"2030-07-08"
295,"2125-06-21"
295,"2125-06-21"
295,"2125-06-21"
295,"2030-07-13"
215,"2030-07-16"
244,"2030-07-16"
167,"2030-07-29"
167,"2030-07-29"
167,"2030-07-29"
167,"2030-07-29"
167,"2030-07-29"
167,"2030-07-29"
251,"2030-07-16"
350,"2030-07-16"
434,"2030-07-16"
270,"2030-07-13"
270,"2030-10-26"
227,"2125-06-24"
227,"2125-06-24"
227,"2125-06-24"
299,"2125-06-24"
299,"2125-06-24"
299,"2125-06-24"
452,"2125-06-24"
452,"2125-06-24"
452,"2125-06-24"
646,"2125-06-24"
646,"2125-06-24"
646,"2125-06-24"
88,"2030-07-28"
422,"2030-07-29"
422,"2030-07-29"
422,"2030-07-29"
422,"2030-07-29"
422,"2030-07-29"
422,"2030-07-29"
196,"2030-07-30"
397,"2030-01-13"
397,"2030-01-13"
397,"2030-01-13"
397,"2030-01-13"
513,"2030-07-29"
513,"2030-07-29"
513,"2030-07-29"
513,"2030-07-29"
513,"2030-07-29"
513,"2030-07-29"
696,"2030-07-29"
696,"2030-07-29"
696,"2030-07-29"
696,"2030-07-29"
696,"2030-07-29"
696,"2030-07-29"
685,"2030-07-29"
685,"2030-07-29"
685,"2030-07-29"
685,"2030-07-29"
685,"2030-07-29"
685,"2030-07-29"
116,"2030-07-31"
116,"2030-07-31"
116,"2030-07-31"
116,"2030-07-31"
116,"2030-07-31"
116,"2030-07-31"
389,"2030-08-14"
240,"2030-08-10"
251,"2030-08-10"
349,"2030-08-10"
58,"2030-08-05"
280,"2030-07-28"
163,"2030-07-29"
397,"2030-07-09"
397,"2030-07-09"
397,"2030-07-09"
258,"2030-08-14"
305,"2030-08-19"
338,"2030-08-14"
433,"2030-08-19"
229,"2030-08-25"
485,"2030-07-29"
200,"2030-08-25"
203,"2030-08-25"
254,"2030-08-25"
530,"2030-07-30"
640,"2030-07-30"
258,"2030-08-19"
258,"2030-08-19"
258,"2030-08-19"
258,"2030-08-19"
258,"2030-08-19"
258,"2030-08-19"
110,"2030-08-12"
94,"2030-08-06"
94,"2030-08-06"
94,"2030-08-06"
94,"2030-08-06"
102,"2030-08-06"
485,"2030-08-06"
270,"2030-08-07"
397,"2030-08-07"
250,"2125-07-15"
165,"2125-07-15"
125,"2030-11-04"
100,"2125-07-15"
349,"2030-08-20"
349,"2030-08-20"
349,"2030-08-20"
349,"2030-08-20"
349,"2030-08-20"
349,"2030-08-20"
135,"2125-07-15"
230,"2125-07-15"
280,"2125-07-15"
300,"2125-07-15"
538,"2030-08-12"
538,"2030-08-12"
538,"2030-08-12"
538,"2030-08-12"
538,"2030-08-12"
920,"2030-08-11"
81,"2030-08-11"
81,"2030-08-11"
347,"2030-09-22"
130,"2030-08-14"
130,"2030-08-14"
540,"2125-07-20"
56,"2030-08-13"
81,"2030-08-13"
94,"2030-08-13"
94,"2030-08-13"
92,"2030-08-13"
116,"2030-10-25"
116,"2030-10-25"
116,"2030-10-25"
539,"2030-08-25"
430,"2030-08-31"
167,"2030-08-31"
167,"2030-08-31"
242,"2030-09-01"
297,"2030-08-31"
334,"2030-08-28"
422,"2030-08-28"
501,"2030-09-01"
567,"2030-08-28"
502,"2030-09-18"
568,"2030-09-18"
450,"2125-08-02"
326,"2125-08-02"
751,"2030-09-03"
751,"2030-09-03"
751,"2030-09-03"
751,"2030-09-03"
751,"2030-09-03"
751,"2030-09-03"
83,"2030-09-04"
83,"2030-09-04"
83,"2030-09-04"
83,"2030-09-04"
83,"2030-09-04"
258,"2030-09-01"
313,"2030-08-31"
225,"2030-09-02"
225,"2030-09-02"
281,"2030-08-31"
281,"2030-08-31"
281,"2030-08-31"
360,"2030-08-31"
360,"2030-08-31"
360,"2030-08-31"
192,"2030-08-31"
214,"2030-08-31"
1073,"2030-09-01"
1073,"2030-09-01"
1073,"2030-09-01"
150,"2030-11-04"
145,"2030-08-31"
225,"2030-09-02"
335,"2030-09-01"
247,"2030-09-02"
513,"2030-09-15"
513,"2030-09-15"
513,"2030-09-15"
513,"2030-09-15"
513,"2030-09-15"
513,"2030-09-15"
462,"2030-09-15"
462,"2030-09-15"
462,"2030-09-15"
462,"2030-09-15"
462,"2030-09-15"
462,"2030-09-15"
555,"2030-11-20"
330,"2030-09-04"
83,"2030-09-04"
568,"2030-09-18"
502,"2030-09-18"
302,"2030-09-14"
302,"2030-09-14"
357,"2030-11-05"
405,"2030-11-17"
400,"2030-09-28"
510,"2030-09-28"
80,"2030-10-02"
188,"2125-09-23"
280,"2125-09-23"
810,"2030-10-12"
950,"2030-10-12"
1350,"2030-10-12"
302,"2030-09-30"
302,"2030-09-30"
302,"2030-09-30"
302,"2030-09-30"
347,"2030-09-22"
485,"2030-09-22"
460,"2125-09-23"
298,"2030-10-21"
334,"2030-09-29"
422,"2030-09-29"
336,"2125-09-23"
242,"2030-09-29"
1697,"2030-10-02"
297,"2030-09-29"
177,"2030-09-28"
143,"2030-09-28"
135,"2030-09-28"
105,"2030-09-28"
950,"2030-10-12"
404,"2030-10-22"
404,"2030-10-22"
404,"2030-10-22"
404,"2030-10-22"
404,"2030-10-22"
404,"2030-10-22"
167,"2030-10-09"
288,"2030-05-11"
288,"2030-05-11"
288,"2030-05-11"
405,"2030-05-12"
405,"2030-05-12"
405,"2030-05-12"
536,"2030-05-14"
536,"2030-05-14"
536,"2030-05-14"
492,"2030-05-12"
492,"2030-05-12"
492,"2030-05-12"
163,"2030-10-20"
130,"2030-10-26"
130,"2030-10-26"
130,"2030-10-26"
151,"2030-10-20"
151,"2030-10-20"
151,"2030-10-20"
70,"2030-12-23"
75,"2031-01-04"
255,"2030-10-27"
195,"2030-12-08"
372,"2030-10-27"
129,"2030-10-27"
132,"2030-10-27"
430,"2030-10-27"
397,"2030-10-27"
130,"2030-10-27"
580,"2030-01-22"
580,"2030-01-22"
580,"2030-01-22"
302,"2030-11-12"
59,"2030-10-30"
392,"2030-11-16"
220,"2030-11-04"
758,"2030-11-11"
131,"2125-10-17"
218,"2030-12-07"
332,"2030-12-07"
340,"2030-12-07"
160,"2030-11-13"
160,"2030-11-13"
160,"2030-11-13"
247,"2030-11-16"
247,"2030-11-16"
247,"2030-11-16"
247,"2030-11-16"
247,"2030-11-16"
130,"2028-08-14"
130,"2028-08-14"
130,"2028-08-14"
130,"2028-08-14"
130,"2028-08-14"
247,"2030-11-16"
421,"2030-11-13"
421,"2030-11-13"
421,"2030-11-13"
421,"2030-11-13"
421,"2030-11-13"
421,"2030-11-13"
582,"2030-11-17"
582,"2030-11-17"
582,"2030-11-17"
582,"2030-11-17"
471,"2030-11-17"
471,"2030-11-17"
471,"2030-11-17"
471,"2030-11-17"
129,"2125-10-25"
105,"2030-09-29"
105,"2030-09-29"
105,"2030-09-29"
930,"2030-11-17"
930,"2030-11-17"
930,"2030-11-17"
930,"2030-11-17"
890,"2030-11-17"
1050,"2030-11-24"
1050,"2030-11-24"
1050,"2030-11-24"
1050,"2030-11-24"
1050,"2030-11-24"
302,"2030-12-17"
302,"2030-12-17"
368,"2030-12-17"
368,"2030-12-17"
386,"2030-12-21"
386,"2030-12-21"
543,"2030-12-21"
543,"2030-12-21"
270,"2030-11-25"
297,"2030-11-25"
210,"2030-11-25"
230,"2030-11-25"
337,"2030-11-25"
210,"2030-12-07"
210,"2030-12-07"
210,"2030-12-07"
117,"2030-11-25"
192,"2030-11-25"
183,"2030-11-25"
590,"2030-11-26"
389,"2030-12-11"
389,"2030-12-11"
82,"2030-11-26"
229,"2030-12-17"
229,"2030-12-17"
295,"2030-12-21"
295,"2030-12-21"
386,"2030-12-21"
386,"2030-12-21"
232,"2031-01-13"
514,"2031-01-13"
105,"2030-12-22"
146,"2030-12-22"
200,"2030-12-22"
205,"2030-12-22"
205,"2030-12-22"
205,"2030-12-22"
205,"2030-12-22"
205,"2030-12-22"
205,"2030-12-22"
205,"2030-12-22"
205,"2030-12-22"
205,"2030-12-22"
205,"2030-12-22"
776,"2030-12-11"
776,"2030-12-11"
400,"2030-12-11"
400,"2030-12-11"
200,"2030-12-22"
200,"2030-12-22"
200,"2030-12-22"
200,"2030-12-22"
200,"2030-12-22"
200,"2030-12-22"
200,"2030-12-22"
200,"2030-12-22"
200,"2030-12-22"
200,"2030-12-22"
245,"2030-12-22"
265,"2030-12-22"
265,"2030-12-22"
265,"2030-12-22"
265,"2030-12-22"
265,"2030-12-22"
265,"2030-12-22"
265,"2030-12-22"
265,"2030-12-22"
265,"2030-12-22"
255,"2030-12-22"
255,"2030-12-22"
255,"2030-12-22"
255,"2030-12-22"
255,"2030-12-22"
255,"2030-12-22"
255,"2030-12-22"
255,"2030-12-22"
255,"2030-12-22"
255,"2030-12-22"
255,"2030-12-22"
350,"2030-12-22"
340,"2030-12-22"
340,"2030-12-22"
340,"2030-12-22"
340,"2030-12-22"
340,"2030-12-22"
340,"2030-12-22"
340,"2030-12-22"
340,"2030-12-22"
340,"2030-12-22"
340,"2030-12-22"
340,"2030-12-22"
340,"2030-12-22"
340,"2030-12-22"
340,"2030-12-22"
340,"2030-12-22"
340,"2030-12-22"
340,"2030-12-22"
340,"2030-12-22"
340,"2030-12-22"
340,"2030-12-22"
385,"2030-12-22"
460,"2030-12-22"
460,"2030-12-22"
460,"2030-12-22"
460,"2030-12-22"
460,"2030-12-22"
460,"2030-12-22"
460,"2030-12-22"
460,"2030-12-22"
460,"2030-12-22"
460,"2030-12-22"
450,"2030-12-22"
450,"2030-12-22"
450,"2030-12-22"
450,"2030-12-22"
450,"2030-12-22"
450,"2030-12-22"
450,"2030-12-22"
450,"2030-12-22"
450,"2030-12-22"
450,"2030-12-22"
450,"2030-12-22"
99,"2030-12-08"
99,"2030-12-08"
99,"2030-12-08"
210,"2030-12-07"
210,"2030-12-07"
210,"2030-12-07"
548,"2030-12-08"
550,"2030-12-08"
404,"2030-12-08"
228,"2030-12-22"
228,"2030-12-22"
228,"2030-12-22"
228,"2030-12-22"
228,"2030-12-22"
295,"2031-01-13"
302,"2031-01-13"
324,"2031-01-13"
90,"2030-12-10"
287,"2031-01-13"
222,"2031-01-13"
331,"2031-01-13"
353,"2031-01-11"
338,"2031-01-11"
411,"2031-01-11"
506,"2031-01-13"
102,"2030-12-22"
462,"2031-01-13"
685,"2031-01-15"
685,"2031-01-15"
685,"2031-01-15"
685,"2031-01-15"
685,"2031-01-15"
685,"2031-01-15"
1080,"2031-01-13"
1080,"2031-01-13"
1080,"2031-01-13"
1080,"2031-01-13"
850,"2031-01-13"
850,"2031-01-13"
850,"2031-01-13"
850,"2031-01-13"
810,"2031-01-15"
810,"2031-01-15"
810,"2031-01-15"
810,"2031-01-15"
579,"2031-01-15"
579,"2031-01-15"
579,"2031-01-15"
579,"2031-01-15"
579,"2031-01-15"
579,"2031-01-15"
853,"2031-01-15"
853,"2031-01-15"
853,"2031-01-15"
853,"2031-01-15"
853,"2031-01-15"
853,"2031-01-15"
955,"2031-01-14"
955,"2031-01-14"
955,"2031-01-14"
955,"2031-01-14"
955,"2031-01-14"
955,"2031-01-14"
215,"2031-01-08"
215,"2031-01-08"
215,"2031-01-08"
215,"2031-01-08"
228,"2031-01-08"
247,"2031-01-13"
247,"2031-01-13"
247,"2031-01-13"
247,"2031-01-13"
335,"2031-01-13"
335,"2031-01-13"
335,"2031-01-13"
335,"2031-01-13"
426,"2031-01-14"
426,"2031-01-14"
426,"2031-01-14"
426,"2031-01-14"
426,"2031-01-14"
426,"2031-01-14"
131,"2031-01-08"
131,"2031-01-08"
131,"2031-01-08"
131,"2031-01-08"
313,"2031-01-15"
313,"2031-01-15"
313,"2031-01-15"
313,"2031-01-15"
313,"2031-01-15"
